9.1257,9.1260,8.9468,8.8917,8.5807,8.2049,7.5965,7.0316,6.4683,5.9353,5.2939,4.5470,3.8971,3.0206,2.1025,1.0683,0.0547,-0.9799,-2.1020,-3.0850,-4.2636,-5.1733,-6.1892,-7.0925,-7.9498,-8.9455,-9.9921,-11.1659,-12.1689,-13.3319,-14.4295,-15.3227,-16.3637,-17.2839,-18.2909,-19.3763
9.6837,9.5672,9.3323,9.2550,9.2221,8.8644,8.3951,8.0251,7.6634,7.2724,6.8050,6.0403,5.3916,4.5198,3.4930,2.6466,1.5297,0.3365,-0.7350,-1.8472,-2.9900,-4.1223,-5.3432,-6.4029,-7.4112,-8.4451,-9.7055,-10.9013,-12.0058,-13.2431,-14.3580,-15.3635,-16.3960,-17.4056,-18.4259,-19.5227
9.3712,9.3435,9.0281,8.7589,8.4871,8.0972,7.7242,7.3079,6.6794,6.1388,5.4289,4.8890,4.1130,3.4184,2.6104,1.7251,0.7496,-0.4985,-1.7855,-2.9030,-3.9482,-5.1008,-6.2539,-7.3138,-8.6085,-9.6116,-10.7525,-11.9807,-13.1336,-14.3017,-15.5698,-16.5917,-17.6826,-18.8480,-19.9417,-21.1099
9.5803,9.5726,9.3894,9.4993,9.0376,8.7774,8.5187,8.0541,7.4377,6.7062,6.2280,5.3998,4.5165,3.5277,2.5663,1.5347,0.5232,-0.3187,-1.5418,-2.6461,-3.8313,-4.8341,-5.9130,-6.7816,-7.9367,-9.0902,-10.1324,-11.2748,-12.4925,-13.5004,-14.7529,-15.8816,-17.0819,-18.0755,-19.2442,-20.4295
6.0640,5.8951,5.6985,5.3921,5.1925,4.7763,4.3687,3.8038,3.4292,2.9326,2.3132,1.5902,0.8197,-0.0422,-0.7744,-1.5501,-2.5215,-3.5195,-4.3973,-5.4362,-6.2775,-7.1837,-8.1377,-9.0803,-10.0081,-10.9736,-11.9521,-12.8585,-14.0067,-14.9069,-15.9801,-17.0630,-17.9609,-19.1788,-20.2701,-21.1853
8.9502,8.9065,8.8842,8.8887,8.6003,8.1836,7.7373,7.3681,6.8185,6.3883,5.6895,5.0678,4.4295,3.4556,2.5722,1.5588,0.4615,-0.6077,-1.7561,-2.9174,-4.0083,-5.2061,-6.2488,-7.2822,-8.1752,-9.1997,-10.2102,-11.3226,-12.3400,-13.7662,-14.8829,-15.9436,-17.0869,-18.0885,-19.2485,-20.3961
7.8629,7.9067,7.9676,7.8590,7.5811,7.1146,6.7399,6.3794,5.9667,5.5384,4.8955,4.3011,3.6177,2.9292,2.0578,1.0628,0.0953,-1.0500,-2.1918,-3.1174,-4.2322,-5.3024,-6.6006,-7.6782,-8.7119,-9.7939,-11.2327,-12.2271,-13.3147,-14.4280,-15.5557,-16.4828,-17.6278,-18.6737,-19.6354,-20.7503
9.6651,9.6278,9.5473,9.2725,9.0474,8.7738,8.3283,7.9029,7.3828,6.7269,6.3084,5.6115,4.7925,3.9573,3.0379,2.1505,1.3155,0.3148,-0.6068,-1.7246,-2.7986,-4.0912,-5.1862,-6.2706,-7.4998,-8.5950,-9.6847,-10.8310,-11.8839,-12.9721,-14.2717,-15.4099,-16.5574,-17.5159,-18.5798,-19.6270
10.0686,10.0791,10.0569,9.7784,9.5058,9.1949,8.9413,8.4666,7.9367,7.2612,6.5101,5.6522,4.8831,4.1029,3.0910,1.9513,0.7902,-0.3521,-1.4253,-2.4999,-3.7252,-4.7951,-5.9118,-7.0417,-8.3951,-9.4687,-10.3960,-11.4151,-12.5862,-13.6995,-14.8622,-16.1294,-17.1300,-18.1992,-19.1399,-20.1301
8.9358,8.9002,8.7083,8.2765,7.8860,7.7033,7.2545,6.8627,6.3259,5.6993,5.1327,4.5158,3.6099,2.9159,2.1622,1.2546,0.2641,-0.9226,-1.8590,-2.9248,-3.9684,-5.1591,-6.2259,-7.3637,-8.3978,-9.4106,-10.6741,-11.5989,-12.7129,-13.6932,-14.9104,-15.9416,-17.0743,-18.1274,-19.2919,-20.3654
8.7320,8.7915,8.6206,8.4597,8.2435,7.9611,7.6221,7.2897,6.6267,6.2391,5.5858,4.8364,3.9386,2.9534,1.9289,0.7799,-0.1992,-1.3093,-2.4381,-3.4372,-4.4707,-5.4115,-6.3328,-7.3618,-8.4105,-9.5498,-10.5924,-11.4471,-12.5180,-13.6696,-14.6699,-15.9799,-17.0833,-18.1040,-19.2869,-20.4690
7.2670,7.3371,7.1638,6.9049,6.5732,6.3507,5.9788,5.4185,4.7958,4.2140,3.6165,2.9343,2.0822,1.2297,0.3519,-0.6094,-1.6441,-2.6605,-3.7253,-4.6883,-5.7938,-6.8737,-7.9452,-8.9566,-10.0284,-10.9613,-11.9945,-12.9863,-14.0316,-15.0853,-16.1006,-17.1672,-18.1673,-19.1582,-20.2251,-21.2927
9.3941,9.3607,9.2131,9.0870,8.7744,8.4204,8.0704,7.7591,7.2697,6.6842,6.0452,5.3073,4.5305,3.7750,2.8415,1.8699,0.9279,-0.1155,-1.1201,-2.2447,-3.4443,-4.7205,-5.6820,-6.7042,-7.8763,-8.9104,-9.9141,-11.0490,-12.1908,-13.2181,-14.3822,-15.5545,-16.5913,-17.7977,-18.9722,-20.2085
9.2870,9.2246,9.0713,8.7728,8.3646,8.2860,7.7954,7.1887,6.7225,6.0444,5.5247,4.7707,4.0226,3.1297,2.1792,1.1746,0.2014,-0.9458,-2.0100,-3.1853,-4.3554,-5.4681,-6.6364,-7.8598,-9.0976,-10.3383,-11.5509,-12.7026,-13.6329,-14.9163,-16.0887,-17.3649,-18.5971,-19.7799,-21.0995,-22.2618
7.5751,7.4734,7.3077,7.2623,7.0574,6.6360,6.1899,5.7238,5.2413,4.7001,3.9889,3.4224,2.7476,1.8445,0.8932,0.0325,-1.0047,-1.8579,-2.8108,-3.8979,-4.8429,-5.8232,-6.9700,-7.8766,-8.9635,-10.0403,-10.9826,-11.8430,-12.8760,-13.9260,-14.9485,-16.1054,-17.1125,-18.3032,-19.4390,-20.3390
7.5895,7.4853,7.3194,7.1328,6.8864,6.5930,5.9649,5.3732,4.7715,4.2274,3.6010,2.9941,2.3100,1.6310,0.7802,0.0678,-0.8444,-1.8433,-2.8058,-3.7938,-4.6679,-5.6302,-6.4814,-7.4544,-8.5918,-9.7142,-10.6816,-11.6725,-12.6001,-13.5320,-14.5645,-15.6182,-16.6021,-17.5665,-18.5566,-19.5726
8.2034,8.1119,7.9286,7.5639,7.4137,6.9631,6.6774,6.2091,5.6112,5.0973,4.4135,3.7729,2.8308,2.0037,1.2120,0.3285,-0.6075,-1.5467,-2.3828,-3.4598,-4.5134,-5.4227,-6.5234,-7.6324,-8.7682,-9.8138,-10.7079,-11.5949,-12.7457,-13.9041,-14.9114,-15.9654,-17.1904,-18.1470,-19.3697,-20.5472
10.5795,10.4114,10.2310,9.9725,9.6912,9.4416,9.0161,8.4803,7.8305,7.1944,6.6618,6.0934,5.4307,4.3001,3.5597,2.5645,1.4186,0.1625,-0.8731,-2.0557,-2.9270,-4.1405,-5.2710,-6.4452,-7.4884,-8.6958,-9.9335,-11.0118,-12.2347,-13.5183,-14.6081,-15.8546,-16.8486,-17.9971,-19.0729,-20.2223
8.2020,8.2138,8.0506,7.8728,7.5979,7.3609,7.2104,6.7065,6.4406,5.8695,5.4256,4.7712,3.9260,3.1054,2.2353,1.3512,0.3606,-0.5709,-1.6499,-2.7194,-3.7070,-4.7129,-5.6160,-6.6413,-7.6907,-8.9430,-9.9363,-10.9076,-12.0284,-13.0456,-13.9543,-15.1505,-16.1814,-17.1766,-18.4021,-19.4851
8.9828,9.0081,9.0265,8.8712,8.7616,8.4458,8.1647,7.5519,6.9913,6.4965,6.0577,5.3105,4.5209,3.7205,2.8486,1.8676,0.7153,-0.2203,-1.3618,-2.2559,-3.2794,-4.1951,-5.3019,-6.2705,-7.4813,-8.6568,-9.9208,-10.9902,-11.9387,-12.9702,-14.1622,-15.3706,-16.4764,-17.3601,-18.4426,-19.4914
9.5824,9.4259,9.3957,9.4073,9.0931,8.7562,8.3688,8.1343,7.7228,7.1875,6.6564,5.8858,5.1299,4.3706,3.6025,2.7449,1.8372,0.8211,-0.2968,-1.3469,-2.7659,-3.7476,-4.7810,-6.1664,-7.2932,-8.4389,-9.5690,-10.7808,-11.9679,-13.2308,-14.3776,-15.5346,-16.6315,-17.7055,-18.9059,-20.0015
9.6798,9.5343,9.2851,9.1155,8.8334,8.4790,8.0822,7.5199,7.1032,6.5920,5.9526,5.4108,4.5611,3.7306,2.7718,1.8280,0.6851,-0.3821,-1.2447,-2.2271,-3.3102,-4.4319,-5.6495,-6.5812,-7.7121,-8.7338,-9.7781,-10.7526,-11.8713,-12.8984,-13.9077,-15.0648,-16.2640,-17.4404,-18.5345,-19.7781
8.9607,9.0192,8.8807,8.5524,8.3872,8.1398,7.8978,7.3662,6.9030,6.5322,6.0102,5.5900,4.8046,4.1395,3.4389,2.6091,1.4779,0.2980,-0.7841,-1.7949,-3.0575,-4.3018,-5.2966,-6.3782,-7.2674,-8.1516,-9.3409,-10.5594,-11.7014,-12.6006,-13.6344,-14.8500,-16.1580,-17.2715,-18.4226,-19.4574
9.7682,9.6468,9.5487,9.3061,9.2529,8.7403,8.2872,7.8300,7.3767,6.7352,6.1435,5.5496,4.6874,3.9341,2.9809,1.9756,0.9850,-0.1037,-1.2043,-2.0634,-3.2148,-4.4605,-5.5314,-6.6505,-7.9149,-9.1036,-10.3460,-11.4970,-12.5593,-13.8499,-14.7924,-16.0831,-17.2332,-18.4283,-19.5932,-20.6446
9.3871,9.4951,9.0899,8.7527,8.5820,8.2270,7.7123,7.3394,6.7327,6.2603,5.6790,5.0192,4.2423,3.1255,2.2974,1.2894,0.3331,-0.6136,-1.7555,-2.8029,-3.8021,-4.8580,-5.8496,-6.8736,-7.9296,-9.0297,-9.9912,-11.0998,-12.3017,-13.2501,-14.0956,-15.1314,-16.2175,-17.4184,-18.6200,-19.6593
7.7229,7.6553,7.4154,7.1578,6.8926,6.5603,6.3116,5.7645,5.0223,4.3460,3.5038,2.9047,2.0953,1.1816,0.1910,-0.6028,-1.5385,-2.7298,-3.6360,-4.5111,-5.5128,-6.4191,-7.3557,-8.2193,-9.1453,-10.2592,-11.1969,-12.1176,-13.0768,-14.0999,-15.1946,-16.0977,-17.1301,-18.2284,-19.2855,-20.2988
8.4102,8.4902,8.4175,8.2603,7.8862,7.4816,7.1772,6.6664,6.1513,5.6505,5.0493,4.3815,3.5514,2.6689,1.6118,0.4867,-0.6072,-1.6712,-2.7084,-3.9148,-5.1694,-6.2142,-7.2844,-8.2419,-9.4294,-10.6054,-11.5105,-12.5499,-13.6269,-14.6461,-15.7437,-17.0063,-17.9916,-19.0435,-20.1731,-21.1491
7.0793,6.8488,6.6886,6.6302,6.3211,5.9951,5.7763,5.5187,5.0075,4.4856,3.8797,3.0120,2.2730,1.2896,0.4210,-0.6870,-1.7673,-2.6696,-3.6899,-4.5714,-5.5565,-6.5302,-7.6957,-8.8544,-9.7594,-10.8954,-11.8955,-12.8661,-13.9966,-15.1184,-16.1932,-17.3328,-18.4257,-19.4697,-20.6799,-21.7485
10.8574,10.7741,10.8268,10.7684,10.4728,10.0629,9.7261,9.1949,8.5058,7.7637,7.0364,6.5352,5.7249,4.7375,3.9301,2.9940,2.0065,0.9326,-0.1741,-1.2335,-2.2972,-3.5124,-4.4509,-5.4994,-6.4917,-7.8513,-9.0933,-10.2253,-11.3311,-12.4364,-13.4775,-14.5658,-15.7655,-16.8271,-17.9352,-19.0716
10.2403,10.2435,10.1178,9.9221,9.5095,9.1311,8.6015,8.0397,7.3717,6.8822,6.2491,5.5126,4.8021,4.0599,3.2509,2.4138,1.4019,0.4723,-0.5044,-1.7031,-2.9711,-4.1484,-5.3265,-6.3057,-7.4176,-8.7021,-9.8825,-11.0690,-12.1823,-13.4546,-14.6344,-15.7957,-17.1542,-18.4198,-19.4836,-20.7520
9.9477,9.9062,9.8210,9.6979,9.6596,9.2383,8.7828,8.2560,7.7700,7.1471,6.5205,5.9333,5.1287,4.2176,3.4979,2.5688,1.4445,0.3548,-0.8348,-1.9664,-2.9530,-3.9781,-5.1429,-6.2682,-7.3853,-8.6416,-9.5900,-10.8264,-11.8639,-13.0585,-14.3248,-15.4649,-16.6532,-17.7690,-18.8748,-20.0453
7.2651,7.4148,7.2759,7.1960,6.9156,6.7111,6.5402,6.0449,5.5944,4.9295,4.1396,3.4369,2.6171,1.7478,0.7794,-0.1783,-1.0328,-1.9196,-2.8262,-3.9042,-4.8842,-5.6674,-6.5990,-7.6049,-8.6322,-9.7203,-10.7004,-11.8895,-12.7815,-13.6073,-14.5433,-15.5456,-16.7667,-17.8772,-19.0561,-20.0004
8.0774,8.2070,8.0732,7.8505,7.7172,7.3328,6.8219,6.1401,5.6309,4.9111,4.2427,3.5154,2.8453,2.0165,1.2466,0.3205,-0.7350,-1.8119,-2.7769,-3.7350,-4.7390,-5.8185,-6.8870,-7.8279,-9.0267,-10.0936,-11.1125,-12.3166,-13.3418,-14.4889,-15.6077,-16.6009,-17.6848,-18.8791,-20.1256,-21.2220
7.0368,7.1141,7.0831,6.9048,6.6369,6.3722,6.0316,5.6079,5.1139,4.4948,4.0261,3.2726,2.4280,1.6909,0.8468,-0.2171,-1.4354,-2.5006,-3.4868,-4.4196,-5.4912,-6.2307,-7.3321,-8.2734,-9.1972,-10.2684,-11.2005,-12.1133,-13.1956,-14.3021,-15.4041,-16.3822,-17.5038,-18.4666,-19.6556,-20.8778
7.9896,7.9079,7.7604,7.6385,7.4918,7.0732,6.7005,6.1705,5.7968,5.2461,4.5509,3.7519,2.9699,2.2736,1.4039,0.4178,-0.3736,-1.3354,-2.3978,-3.4148,-4.3763,-5.2261,-6.2681,-7.2840,-8.3114,-9.4038,-10.6600,-11.7125,-12.8058,-13.8976,-14.8788,-16.0501,-17.0485,-18.0121,-19.0016,-20.1371
8.1775,7.8792,7.6400,7.3310,6.9707,6.5068,6.2014,5.7861,5.0644,4.4415,3.8757,3.1346,2.4472,1.5964,0.6336,-0.3208,-1.4074,-2.4936,-3.4300,-4.4265,-5.4408,-6.5807,-7.4624,-8.5275,-9.6261,-10.8498,-11.8401,-12.7176,-13.7942,-14.8631,-15.9448,-17.0661,-18.1424,-19.3453,-20.4514,-21.5441
8.8135,8.6564,8.7243,8.5662,8.4492,8.0025,7.6167,7.0944,6.5715,6.1759,5.6246,5.1115,4.4399,3.7890,2.9657,1.9282,1.1482,0.0512,-1.0677,-2.1068,-3.0901,-4.1693,-5.2655,-6.2791,-7.4761,-8.7212,-9.8187,-10.8859,-11.9094,-12.8797,-13.9940,-15.3210,-16.6373,-17.5692,-18.6940,-19.8478
10.4509,10.2866,10.2670,10.0292,9.7142,9.5993,9.2311,8.7827,8.1312,7.5223,6.7862,5.9818,5.2025,4.4305,3.4767,2.4778,1.6452,0.5678,-0.7451,-1.9483,-2.9702,-4.1982,-5.3913,-6.5492,-7.8483,-8.9200,-10.1494,-11.3132,-12.4989,-13.5701,-14.6761,-15.9247,-17.1366,-18.3677,-19.4769,-20.6964
8.8801,8.9686,8.9597,8.7190,8.5704,8.1508,7.5985,7.0450,6.6707,6.1803,5.6333,4.8935,4.1100,3.3133,2.4167,1.3142,0.2863,-1.0132,-2.2503,-3.4035,-4.3996,-5.5720,-6.6086,-7.6364,-8.6736,-9.8343,-11.2128,-12.4841,-13.5063,-14.4590,-15.5223,-16.6022,-17.6451,-18.7282,-19.8786,-20.9157
8.7045,8.6328,8.4482,8.2300,8.1132,7.8839,7.4507,6.9839,6.6065,5.8575,5.3790,4.6826,4.0419,3.2834,2.4353,1.5175,0.6023,-0.3800,-1.5504,-2.6871,-3.8012,-4.9406,-6.0846,-7.1945,-8.2217,-9.3521,-10.3572,-11.4217,-12.3841,-13.5816,-14.5538,-15.8326,-16.7534,-17.7701,-18.9002,-20.0183
9.8628,9.7821,9.5888,9.3231,9.1134,8.6803,8.2693,7.7107,7.2342,6.7810,6.1889,5.6784,4.8050,3.8035,2.9564,1.8540,0.7508,-0.3811,-1.3751,-2.3616,-3.6008,-4.8195,-5.9847,-7.2857,-8.5824,-9.7339,-10.8493,-11.9210,-13.1471,-14.3382,-15.4316,-16.6102,-17.7543,-18.9613,-19.9994,-21.3278
8.7561,8.6564,8.5862,8.4670,8.1999,7.8150,7.4706,6.9675,6.4812,5.9474,5.1995,4.3529,3.5020,2.6467,1.7577,0.6795,-0.4033,-1.5786,-2.6113,-3.6197,-4.5839,-5.6365,-6.7416,-7.7035,-8.6779,-9.7621,-10.8640,-11.9441,-12.8410,-13.7644,-14.7979,-15.9162,-16.8076,-17.8311,-19.0245,-20.0408
10.0236,10.0121,9.9173,9.7007,9.7041,9.5159,9.0027,8.6329,7.8880,7.2362,6.4342,5.6929,4.8774,4.1316,3.3051,2.4520,1.5966,0.4187,-0.9389,-2.1363,-3.0729,-4.2243,-5.3415,-6.3480,-7.3740,-8.5094,-9.5658,-10.6945,-11.6258,-12.8521,-13.9835,-15.1774,-16.4197,-17.5900,-18.7394,-20.0366
10.4107,10.5156,10.3879,10.0934,9.8684,9.3995,8.9351,8.5917,8.0823,7.5732,6.7831,6.2863,5.6764,4.9513,3.9213,2.9323,1.9539,0.8544,-0.4238,-1.3818,-2.3950,-3.4144,-4.6905,-5.8350,-6.9160,-8.0912,-9.2618,-10.5638,-11.6821,-12.7312,-13.9328,-15.2478,-16.3199,-17.4308,-18.5836,-19.6453
7.2924,7.3886,7.2458,7.0992,6.9685,6.5428,6.2105,5.9016,5.4780,4.9388,4.3455,3.8053,3.1363,2.1529,1.5537,0.9045,-0.1432,-1.1835,-2.1637,-3.0752,-4.2859,-5.1659,-6.1067,-7.2149,-8.2555,-9.1532,-10.2113,-11.1435,-12.2873,-13.3937,-14.4941,-15.4534,-16.5420,-17.6811,-18.6242,-19.7571
9.3413,9.2785,8.9953,8.9599,8.6669,8.2854,7.9986,7.8455,7.1618,6.6618,6.1117,5.4447,4.7705,3.9538,3.1826,2.2891,1.4315,0.2889,-0.7515,-1.8669,-3.0140,-4.0946,-5.1387,-6.2385,-7.2837,-8.3844,-9.5042,-10.5174,-11.3288,-12.5108,-13.6813,-14.5992,-15.7883,-17.1019,-18.1823,-19.1170
9.1335,9.0928,8.9962,8.9971,8.7386,8.3062,8.0399,7.4171,7.1285,6.6602,6.0531,5.3482,4.5464,3.7339,2.8630,1.8401,0.9158,-0.0873,-1.0273,-2.1739,-3.1975,-4.2049,-5.3050,-6.3419,-7.3985,-8.5882,-9.6526,-10.8406,-11.8170,-12.8572,-14.0939,-15.2850,-16.4551,-17.5593,-18.4721,-19.4699
8.6230,8.6069,8.6373,8.3475,8.1024,7.6838,7.5399,7.0600,6.5411,5.9882,5.1957,4.4511,3.5926,2.6572,1.9497,1.0786,0.0416,-1.0666,-2.1401,-2.9380,-4.1155,-5.2773,-6.1666,-7.3372,-8.2671,-9.3270,-10.4038,-11.5222,-12.6591,-13.7107,-14.7298,-15.9988,-17.0168,-18.0155,-18.9426,-20.1003
7.9833,7.9538,7.8773,7.5598,7.2198,6.6632,6.1656,5.5653,5.1199,4.4099,3.9055,3.3024,2.6111,1.8952,1.1727,0.3146,-0.6592,-1.6534,-2.5378,-3.5866,-4.6201,-5.5529,-6.4749,-7.4680,-8.5784,-9.5473,-10.6063,-11.7356,-12.8720,-14.1018,-15.2186,-16.2491,-17.4392,-18.4177,-19.4294,-20.4680
8.4529,8.4085,8.4008,8.0532,7.6949,7.3566,6.9358,6.5976,6.0743,5.3702,4.7164,4.1054,3.3141,2.4195,1.5169,0.6651,-0.3834,-1.3913,-2.4717,-3.4482,-4.4146,-5.3880,-6.4537,-7.5643,-8.4788,-9.6135,-10.7505,-11.8437,-12.8900,-14.0008,-15.0340,-16.0693,-17.3278,-18.3909,-19.5358,-20.4335
8.2545,8.1382,7.9727,7.7334,7.4500,7.1691,6.6331,6.1243,5.5813,4.9325,4.3037,3.6924,2.9990,2.2889,1.3899,0.3086,-0.5920,-1.5710,-2.4254,-3.6364,-4.6262,-5.6119,-6.6135,-7.7247,-8.8427,-9.8650,-10.9773,-12.1584,-13.1714,-14.3078,-15.4105,-16.3755,-17.3734,-18.5051,-19.4264,-20.4234
9.0024,8.8509,8.6207,8.4965,8.2217,7.9344,7.5706,7.1443,6.5065,5.8673,5.0934,4.6468,3.8763,3.1112,2.2434,1.1337,0.1540,-1.0283,-2.1487,-3.1564,-4.3019,-5.3375,-6.4461,-7.5523,-8.5843,-9.6776,-10.7700,-11.7356,-12.8037,-13.9446,-15.2526,-16.4325,-17.4893,-18.7240,-20.0340,-21.0411
6.9555,6.9197,6.7475,6.6388,6.4439,6.0320,5.6725,5.2493,4.6667,4.0002,3.4128,2.7378,1.9358,1.0698,0.1622,-0.7295,-1.5721,-2.6536,-3.5900,-4.7549,-5.6286,-6.6213,-7.5583,-8.6333,-9.7491,-10.7722,-11.6428,-12.6204,-13.8235,-14.7817,-15.9136,-16.7543,-17.7649,-18.8823,-19.9874,-21.0529
8.9086,8.8391,8.7115,8.4428,8.0649,7.6911,7.2380,6.9096,6.3832,6.0623,5.5375,4.9799,4.2710,3.4940,2.9049,2.0021,1.1894,0.3882,-0.6503,-1.3773,-2.4918,-3.4900,-4.6452,-5.7272,-6.6436,-7.5643,-8.7435,-9.8909,-10.8585,-11.8782,-13.0788,-14.2743,-15.3499,-16.2632,-17.2364,-18.3720
8.7491,8.6126,8.3924,8.2437,8.0857,7.7073,7.1141,6.7382,6.5003,5.8018,5.3405,4.6476,3.9481,3.2061,2.5305,1.6681,0.6981,-0.3016,-1.1360,-2.0739,-3.0808,-4.0483,-5.1695,-6.2165,-7.2930,-8.3316,-9.4685,-10.5424,-11.5115,-12.4795,-13.5427,-14.4724,-15.4802,-16.3831,-17.3447,-18.4374
9.0090,8.9381,8.6864,8.4266,8.2639,8.0763,7.6066,7.1539,6.5064,5.8522,5.1995,4.4050,3.5203,2.6859,1.8579,1.0166,-0.1656,-1.2205,-2.2272,-3.2415,-4.3836,-5.3919,-6.3789,-7.4078,-8.5778,-9.7265,-10.6763,-11.8028,-12.7347,-14.0562,-15.3261,-16.5477,-17.5121,-18.6464,-19.7802,-20.9211
8.2499,8.2854,8.0734,8.0696,7.6704,7.3455,7.1481,6.6944,6.2701,5.6710,4.9908,4.3536,3.6769,2.8432,2.0948,1.1130,0.2715,-0.7720,-1.8499,-2.9675,-3.9291,-5.0574,-5.9743,-7.1167,-8.4133,-9.4613,-10.6075,-11.7212,-12.8455,-14.0764,-15.1673,-16.2649,-17.2911,-18.4254,-19.6133,-20.7862
9.2023,9.0497,9.0064,8.8429,8.5574,8.2397,7.7476,7.3429,6.8193,6.1631,5.6540,4.8835,3.9898,3.0010,2.1163,1.3158,0.3732,-0.8035,-1.9276,-2.9933,-4.2075,-5.3868,-6.5044,-7.5456,-8.7298,-9.7367,-10.8653,-11.9638,-12.9435,-14.0841,-15.3553,-16.4583,-17.4863,-18.5055,-19.4475,-20.5503
10.0437,9.8821,9.8113,9.6276,9.4570,9.3116,8.8040,8.4689,7.8240,7.1457,6.6178,6.0741,5.4227,4.6244,3.7934,2.8026,1.7163,0.8966,-0.0584,-1.0082,-1.9809,-3.2205,-4.3990,-5.5023,-6.4932,-7.6543,-8.8374,-9.8334,-10.7117,-11.8793,-12.9856,-14.1137,-15.1000,-16.2822,-17.3410,-18.3688
8.6699,8.7278,8.6981,8.5565,8.2410,7.9299,7.6358,7.0943,6.6460,6.0471,5.3688,4.7490,4.0615,3.3231,2.4836,1.5575,0.6808,-0.5042,-1.4928,-2.6259,-3.6473,-4.6640,-5.6400,-6.7682,-7.8106,-9.0398,-10.2506,-11.2722,-12.4243,-13.5410,-14.4391,-15.3685,-16.3947,-17.5752,-18.7282,-19.6979
8.2063,8.1169,7.8887,7.6422,7.6201,7.2662,6.7088,6.3876,5.8736,5.2920,4.7862,4.1355,3.4084,2.6157,1.8766,0.9436,0.0412,-1.1433,-2.1684,-3.2583,-4.4195,-5.5092,-6.7293,-7.7504,-8.7754,-9.6979,-10.8753,-11.8661,-12.8934,-14.1690,-15.5065,-16.6025,-17.6964,-18.8867,-19.8508,-20.9347
8.9855,9.0552,8.9201,8.6804,8.3383,8.1479,7.6447,7.4158,6.8850,6.3576,5.8409,5.1932,4.4858,3.6410,2.7582,1.6500,0.4917,-0.6505,-1.9491,-3.0520,-4.2145,-5.2049,-6.3047,-7.4352,-8.5108,-9.5119,-10.5051,-11.5482,-12.6589,-13.7640,-14.8736,-15.9357,-16.8604,-17.9803,-18.9231,-19.9918
9.7201,9.5911,9.5380,9.3361,9.1495,8.7216,8.3619,7.8294,7.3517,6.8057,6.2362,5.4608,4.5748,3.7517,2.9430,2.2680,1.4300,0.3186,-0.7677,-1.7427,-2.8745,-3.8420,-4.9982,-6.0380,-7.2270,-8.3615,-9.4732,-10.7031,-11.8300,-13.1154,-14.1499,-15.1625,-16.2701,-17.4735,-18.6123,-19.6554
9.1226,9.1519,9.1131,8.7943,8.5175,8.3307,8.0552,7.4951,6.9336,6.3090,5.7469,5.0744,4.2359,3.3143,2.3194,1.6139,0.7180,-0.5261,-1.5470,-2.5039,-3.5754,-4.6224,-5.7491,-6.8990,-7.9881,-9.1899,-10.4461,-11.7032,-13.0234,-14.0265,-15.2429,-16.3815,-17.3990,-18.7213,-19.6981,-20.6314
9.7536,9.5319,9.5611,9.4073,9.0761,8.7591,8.2848,7.9765,7.4937,6.8272,6.1772,5.4040,4.7313,4.0879,3.1980,2.4243,1.4499,0.4888,-0.5920,-1.6337,-2.6947,-3.7070,-4.7623,-5.8847,-7.0673,-8.1967,-9.2893,-10.5183,-11.6798,-12.6787,-13.6598,-14.8378,-15.9468,-17.0275,-18.1628,-19.0865
9.8929,9.9322,9.9706,9.5616,9.3717,9.1803,8.7562,8.3066,7.8585,7.2851,6.6138,5.7472,4.9817,4.2213,3.3132,2.3330,1.4329,0.4229,-0.6346,-1.7075,-2.7327,-3.8171,-4.8846,-6.1053,-7.2861,-8.5335,-9.8710,-11.0432,-12.0213,-13.0706,-14.3654,-15.5345,-16.5778,-17.7908,-18.7998,-19.9417
9.4364,9.4475,9.2807,8.9635,8.8222,8.5354,8.0821,7.5539,7.0753,6.4534,5.7195,5.1167,4.3294,3.4574,2.4979,1.6001,0.6698,-0.2834,-1.4412,-2.6042,-3.8677,-5.0912,-6.0495,-7.1278,-8.2632,-9.2876,-10.4107,-11.4021,-12.5003,-13.5150,-14.5305,-15.5080,-16.6985,-17.6582,-18.8105,-19.7510
8.7760,8.8021,8.7364,8.6259,8.3791,8.0480,7.8252,7.3720,6.7850,6.3685,5.5997,4.9691,4.2830,3.5598,2.6507,1.5703,0.6348,-0.2682,-1.3384,-2.3048,-3.3068,-4.4530,-5.6129,-6.5943,-7.6560,-8.6723,-9.6248,-10.6799,-11.6853,-12.8249,-13.6256,-14.6529,-15.6384,-16.6612,-17.6035,-18.6230
9.6327,9.4707,9.3468,9.2009,8.8844,8.5414,8.1644,7.7857,7.3638,6.8287,5.9354,5.2043,4.4135,3.5934,2.7048,1.7522,0.6558,-0.3401,-1.4552,-2.5349,-3.6934,-4.6581,-5.6959,-6.7862,-7.8394,-8.9713,-10.0128,-11.0901,-12.1824,-13.4084,-14.4538,-15.7199,-16.9060,-18.1149,-19.3487,-20.3891
8.3957,8.4675,8.2222,7.9230,7.5982,7.1921,6.7852,6.2918,5.8008,5.2195,4.3177,3.6904,2.8073,2.0920,1.1838,0.2970,-0.6301,-1.6111,-2.4868,-3.6212,-4.8030,-5.8151,-6.8626,-7.8292,-8.7633,-9.7411,-10.6128,-11.6175,-12.7005,-13.6755,-14.8821,-16.0252,-17.0708,-18.2684,-19.1987,-20.3403
9.5310,9.3923,9.2390,9.1672,9.0139,8.6915,8.5174,8.0752,7.6859,7.0622,6.5441,5.9351,5.0993,4.2470,3.3324,2.3571,1.3860,0.3599,-0.7217,-1.9434,-3.1752,-4.4475,-5.7309,-6.5551,-7.6692,-8.7966,-10.0542,-11.1089,-12.2168,-13.4478,-14.5971,-15.6127,-16.6088,-17.8241,-18.8674,-20.0815
8.9693,8.9545,8.9469,8.6261,8.3822,8.0743,7.4808,7.0014,6.3800,5.8466,5.1213,4.4678,3.8827,3.0869,2.3270,1.4867,0.4698,-0.5702,-1.7230,-2.7358,-3.7753,-4.7194,-5.7584,-6.7648,-7.6986,-8.7437,-10.0012,-11.1759,-12.3268,-13.3610,-14.3208,-15.2350,-16.3455,-17.3505,-18.3911,-19.4606
9.6637,9.5900,9.3192,9.0685,8.7161,8.5107,8.3572,7.9289,7.3473,6.8440,6.3993,5.8201,4.9279,4.0782,3.0039,1.9606,0.7390,-0.3744,-1.4128,-2.5934,-3.8143,-5.0105,-6.1030,-7.1925,-8.2361,-9.3401,-10.4855,-11.6330,-12.6024,-13.9206,-15.0386,-16.1750,-17.1986,-18.3800,-19.6468,-20.6116
9.4212,9.3070,9.1430,9.1471,8.9915,8.6178,8.3031,7.8698,7.4340,6.8653,6.1433,5.5080,4.6792,3.8263,2.8903,1.6955,0.6618,-0.2988,-1.2832,-2.5015,-3.6655,-4.8276,-5.9121,-6.9847,-8.0305,-8.9596,-10.1100,-11.2560,-12.1727,-13.2791,-14.3246,-15.3287,-16.3344,-17.4243,-18.6578,-19.8260
7.2350,7.1419,6.9445,6.7651,6.4304,5.9979,5.6203,5.2106,4.5907,4.0683,3.3712,2.7609,2.0594,1.2099,0.3390,-0.6299,-1.6353,-2.7237,-3.7006,-4.7134,-5.6958,-6.7625,-7.7168,-8.7306,-9.8932,-10.8047,-11.9384,-12.9827,-14.1559,-15.2165,-16.4557,-17.6017,-18.5932,-19.6105,-20.7660,-21.6678
8.7580,8.6646,8.3931,8.0873,7.8778,7.7683,7.4592,6.8630,6.1643,5.6767,5.0293,4.5697,3.7260,2.8843,1.9463,0.9276,-0.0659,-1.0792,-2.2322,-3.3679,-4.3448,-5.3945,-6.3792,-7.4908,-8.4090,-9.4847,-10.5496,-11.5813,-12.7669,-13.8593,-14.8303,-16.0418,-17.1370,-18.1598,-19.2200,-20.3420
8.9259,8.9246,8.7761,8.6450,8.3977,8.1659,7.6981,7.1206,6.7837,6.2023,5.6196,4.9051,4.4656,3.6024,2.7098,1.6870,0.6620,-0.4157,-1.4176,-2.3323,-3.2921,-4.2661,-5.2824,-6.3906,-7.5439,-8.7208,-9.8556,-11.0095,-12.0933,-13.3006,-14.4242,-15.3882,-16.5831,-17.8317,-19.1231,-20.2514
8.7895,8.9172,8.8452,8.6142,8.4651,8.1430,7.6917,7.1575,6.6730,6.1307,5.5329,4.8371,4.1294,3.3295,2.3545,1.3906,0.4270,-0.7080,-1.6625,-2.8898,-3.8504,-4.9682,-6.1710,-7.3096,-8.2222,-9.1435,-10.1916,-11.1688,-12.2864,-13.3251,-14.4406,-15.3787,-16.3493,-17.4605,-18.3971,-19.6045
7.7474,7.7544,7.7250,7.5818,7.3455,7.0626,6.6687,6.1589,5.6802,5.1325,4.3965,3.5953,2.6754,1.8483,0.9782,0.0842,-0.8090,-1.8460,-2.8729,-3.9750,-4.8662,-5.8136,-6.9332,-8.0776,-9.1773,-10.0930,-11.0229,-12.0173,-13.1343,-14.1390,-15.1434,-16.2790,-17.4921,-18.5019,-19.6315,-20.7692
8.7771,8.7829,8.6576,8.4928,8.2503,7.9692,7.6467,7.2522,6.8452,6.2249,5.5596,4.8818,3.9611,3.1632,2.3783,1.4729,0.3658,-0.7386,-1.8319,-2.9289,-4.1156,-5.3067,-6.3600,-7.4992,-8.6185,-9.7176,-10.8322,-11.9261,-12.9616,-14.0882,-15.1874,-16.3129,-17.4521,-18.5355,-19.6182,-20.7729
8.8803,8.8175,8.6748,8.5233,8.2065,8.0225,7.5445,7.0199,6.5007,6.1199,5.5619,4.7719,4.0417,3.0488,1.9892,1.0550,0.0494,-1.2641,-2.1415,-3.1555,-4.2754,-5.4576,-6.6495,-7.6520,-8.7384,-9.8075,-10.8577,-11.9681,-13.1919,-14.3764,-15.2863,-16.3759,-17.7154,-18.9855,-20.1019,-21.1592
10.1311,10.0883,9.8328,9.7185,9.6292,9.2320,8.9312,8.5587,8.0115,7.5681,6.9482,6.2845,5.5095,4.7194,3.8656,2.9723,1.9128,1.0584,-0.0704,-1.1706,-2.3773,-3.5425,-4.6224,-5.6506,-6.9012,-8.0104,-9.1886,-10.4184,-11.5485,-12.7923,-13.9245,-14.9664,-16.0647,-17.2006,-18.2676,-19.2665
9.8990,9.8819,9.8888,9.7414,9.6666,9.5295,9.3302,9.0085,8.5358,8.0897,7.5134,7.1066,6.4238,5.7359,4.9778,4.1020,3.1889,2.1580,1.0797,-0.1725,-1.3907,-2.7034,-3.8775,-4.9759,-6.1815,-7.3354,-8.5700,-9.9944,-11.2949,-12.4949,-13.7368,-14.7306,-15.9660,-17.2110,-18.3149,-19.6241
11.0440,11.1182,11.1467,10.9533,10.7782,10.5409,10.0931,9.4466,8.8544,8.3384,7.4666,6.9865,6.2209,5.3470,4.4892,3.7028,2.7002,1.8288,0.5749,-0.7047,-1.8558,-3.1611,-4.4519,-5.7421,-6.7361,-7.9109,-8.9655,-10.1270,-11.3132,-12.4200,-13.3134,-14.4115,-15.4417,-16.6334,-17.4722,-18.6086
9.2459,9.3695,9.1892,8.9447,8.7527,8.6290,8.3756,7.9081,7.3876,6.9316,6.3582,5.7254,4.9935,4.3907,3.6449,2.7285,1.7960,0.7615,-0.4491,-1.5405,-2.4583,-3.6546,-4.6976,-5.8994,-6.9966,-8.1829,-9.2158,-10.1944,-11.2727,-12.3516,-13.4670,-14.6694,-15.7891,-16.8760,-18.2210,-19.3156
7.6180,7.7315,7.5944,7.4451,7.3774,7.1072,6.6548,6.0940,5.5046,4.8437,4.0744,3.3750,2.5297,1.5925,0.4279,-0.6225,-1.6761,-2.7170,-3.6184,-4.6365,-5.7230,-7.0239,-8.0844,-9.1381,-9.9257,-11.0240,-12.1960,-13.2281,-14.2293,-15.3324,-16.4028,-17.4807,-18.3998,-19.3628,-20.5266,-21.5397
9.3017,9.3943,9.2313,9.0134,8.8320,8.7190,8.3652,8.0062,7.4086,6.9436,6.2828,5.6077,4.9246,4.0518,3.1696,2.0743,1.2065,0.1300,-0.9733,-2.3228,-3.7462,-4.6805,-5.7592,-6.7305,-7.8750,-9.0213,-10.2251,-11.3179,-12.4152,-13.5177,-14.6789,-15.7099,-16.8388,-17.9019,-19.0074,-20.1490
9.9987,10.1650,9.8526,9.7060,9.5854,9.3042,8.9401,8.4642,8.1206,7.6257,6.9502,6.2239,5.4520,4.5944,3.6334,2.7339,1.7087,0.7319,-0.3748,-1.5749,-2.8054,-3.7638,-4.8370,-5.9114,-7.1408,-8.5301,-9.4748,-10.5167,-11.6905,-12.8208,-13.8184,-14.8901,-15.8649,-17.0969,-18.1049,-19.1486
11.5848,11.4963,11.3285,11.2719,11.1185,10.7438,10.4108,9.9588,9.5191,9.1463,8.4676,7.7439,7.0120,6.2481,5.4495,4.6419,3.6740,2.6695,1.6490,0.4339,-0.8189,-1.9301,-3.1084,-4.4058,-5.5805,-6.7715,-8.0353,-9.3915,-10.5795,-11.9008,-13.1717,-14.5134,-15.7909,-16.9607,-18.1410,-19.2385
9.5249,9.5090,9.4313,9.2344,8.9516,8.6709,8.1701,7.7003,7.2145,6.4521,5.8396,5.1421,4.3196,3.5857,2.8146,1.8925,0.7928,-0.2236,-1.3615,-2.6041,-3.7624,-4.7392,-5.6991,-6.6979,-7.9724,-9.1774,-10.1992,-11.2956,-12.4615,-13.5170,-14.5762,-15.6280,-16.7744,-18.0228,-18.9700,-20.0093
8.2196,8.3265,8.1053,7.8924,7.8410,7.4548,7.0031,6.3585,5.7831,5.2496,4.7580,4.0295,3.4910,2.7513,1.8269,0.9455,0.0996,-0.9907,-2.1927,-3.2780,-4.4172,-5.3621,-6.3229,-7.3598,-8.3831,-9.4301,-10.6357,-11.7618,-12.8168,-13.8292,-14.8298,-15.8477,-17.0469,-18.0562,-19.2750,-20.3360
7.7065,7.7209,7.7145,7.6133,7.3691,7.0788,6.7851,6.3958,5.8082,5.3399,4.8245,4.1951,3.2577,2.3239,1.4616,0.2585,-0.8391,-1.9951,-3.0948,-4.4491,-5.6946,-6.7684,-7.9064,-9.2134,-10.2494,-11.3302,-12.4768,-13.6786,-14.7410,-15.7328,-16.8502,-17.9889,-19.1849,-20.4084,-21.6506,-22.7541
8.7793,8.6776,8.4963,8.3410,8.3528,8.0355,7.6910,7.1353,6.6700,6.0748,5.3976,4.5238,3.9793,3.2943,2.3877,1.4299,0.4614,-0.5016,-1.5503,-2.6009,-3.6944,-4.9316,-6.0962,-7.2152,-8.2930,-9.1580,-10.1005,-11.1971,-12.1767,-13.2724,-14.2365,-15.5009,-16.7104,-17.8466,-18.9316,-19.9200
9.5634,9.6337,9.5446,9.3172,9.0574,8.7959,8.5666,8.2167,7.7294,7.0868,6.4373,5.7305,4.8691,4.1613,3.3232,2.2909,1.3734,0.3249,-0.9458,-2.2478,-3.4901,-4.8386,-5.8967,-6.9897,-8.0911,-9.1696,-10.4131,-11.5346,-12.5040,-13.7714,-14.8139,-15.9599,-17.0782,-18.1511,-19.4829,-20.7201
10.2036,10.1442,10.1491,9.9206,9.4728,9.2701,8.8008,8.4046,7.9649,7.4791,6.9767,6.3593,5.4491,4.5563,3.6226,2.8283,1.8356,0.7752,-0.4196,-1.4692,-2.4491,-3.6814,-4.7588,-5.8707,-6.9194,-8.0349,-9.3025,-10.4489,-11.5690,-12.5689,-13.8323,-15.0391,-16.0619,-17.2389,-18.4631,-19.6700
10.6780,10.6337,10.5964,10.4244,10.3610,10.0343,9.5843,9.2177,8.6504,8.1901,7.4632,6.7197,5.8868,4.7884,3.8219,2.7307,1.6350,0.4349,-0.5759,-1.8325,-2.9627,-4.1630,-5.2572,-6.2778,-7.4527,-8.7732,-9.7050,-10.7390,-11.8924,-12.8942,-13.8599,-14.9787,-16.0838,-17.1154,-18.0286,-19.1009
10.1292,9.9696,9.9204,9.8965,9.5414,9.2739,9.1279,8.7817,8.3837,7.9818,7.2613,6.6994,6.1021,5.3069,4.4358,3.5113,2.4118,1.2695,0.1466,-1.1958,-2.5627,-3.6618,-4.9756,-6.0990,-7.2104,-8.3897,-9.6313,-10.8189,-12.0538,-13.2645,-14.5489,-15.5646,-16.7781,-17.9233,-18.8500,-20.0317
9.5586,9.4638,9.3458,9.1570,8.9885,8.8218,8.3969,7.9824,7.4112,6.7714,6.3082,5.6785,4.9873,4.1242,3.3246,2.5112,1.4225,0.4201,-0.6351,-1.5387,-2.5870,-3.6462,-4.6429,-5.4343,-6.5967,-7.7561,-8.7248,-9.9700,-11.0707,-12.1716,-13.1578,-14.3730,-15.4712,-16.5138,-17.6489,-18.6149
9.6197,9.4996,9.2905,9.2603,9.1164,8.8673,8.5594,8.1186,7.5828,6.9961,6.5028,5.7094,4.8482,4.0310,3.1260,2.1288,1.1768,0.1907,-1.2256,-2.2826,-3.4121,-4.3856,-5.5238,-6.5273,-7.6644,-8.7704,-9.9321,-11.1525,-12.4436,-13.4566,-14.6892,-15.5962,-16.7705,-17.9387,-19.0291,-20.0541
8.9189,8.9964,8.8884,8.7483,8.6103,8.2448,7.8342,7.3416,6.8183,6.0219,5.4014,4.6504,3.9558,3.1058,2.0849,1.1813,0.0868,-0.9594,-2.1796,-3.2534,-4.4431,-5.5028,-6.7207,-7.8628,-8.9048,-10.2236,-11.3310,-12.4766,-13.6504,-14.7299,-15.8902,-17.0681,-18.1363,-19.2799,-20.4807,-21.5156
