15.7908,15.6933,16.7217,16.7977,17.2831,16.5511,17.4394,18.8077,19.9316,17.4244,20.3840,20.4649,20.2133,19.7696,19.4743,21.4238,22.1531,21.7381,21.0206,19.9070,18.2500,19.2465,19.8515,17.6482,19.1775,19.1148,19.2035,17.0639,17.3117,17.3114,17.3155
15.5672,14.9875,16.4895,17.5592,17.0564,16.6150,16.3457,16.7405,19.0267,19.6081,18.7731,18.2420,20.5967,18.6842,19.7341,20.7317,17.5932,20.1248,18.9643,19.6600,19.2984,19.3192,19.5823,17.8317,19.6974,18.8828,18.8770,19.1473,18.5147,18.5628,17.4951
15.4894,15.8360,14.5610,16.6731,16.5257,15.6375,14.7826,17.9652,17.3770,17.3636,18.0053,20.4114,18.9914,19.4360,18.2730,21.8501,21.0332,20.7450,19.6518,20.3587,19.6610,19.7474,18.8290,17.3494,19.6280,16.2881,17.7900,17.5647,16.6567,18.1068,17.0689
15.8045,16.3858,16.1109,15.9477,15.9285,20.3331,17.5522,15.8892,17.3837,18.8993,18.1477,20.3166,20.2407,19.5579,19.4127,19.1227,19.1790,18.2656,20.6794,20.8096,17.6101,17.5688,16.8751,17.4457,15.1354,16.7878,19.0005,17.3187,18.3559,17.0684,17.1880
15.9783,16.0508,15.6315,15.3873,18.6848,18.0090,17.3850,17.8815,17.8878,15.9037,19.1749,18.3785,18.8372,19.4344,20.6226,18.4378,18.2125,20.0198,19.8952,17.8839,19.1822,18.1414,18.6267,16.8202,18.7146,18.7645,17.9400,17.9638,13.5633,17.3447,17.0141
16.3204,14.7649,17.3535,14.7361,15.7416,17.3899,18.9191,18.0135,17.9331,16.9636,18.6165,19.1175,21.0562,20.2651,18.3254,22.2503,19.6610,18.9203,20.9664,19.2771,18.8619,19.2444,19.7221,19.6442,17.0959,20.2557,19.0509,17.3929,16.8401,16.4902,17.1132
14.9045,16.2148,16.5730,16.0308,17.3920,15.7383,19.5844,16.5223,19.2423,17.4087,19.9350,18.8058,19.7290,19.9509,21.4155,19.6813,16.6877,18.6116,19.3739,18.4782,19.4506,19.4118,18.0027,16.3789,19.1107,18.7118,17.1053,19.3180,16.6306,16.2257,18.1805
15.9155,16.6114,14.9766,14.5793,15.9983,18.4339,18.7779,18.4192,17.5888,18.6843,18.6792,19.0780,17.2163,19.1129,20.1560,21.7650,20.2838,21.5227,19.6350,19.7040,15.8038,19.9801,19.9250,20.9461,18.5340,18.9673,18.0633,17.3947,17.6372,17.7389,17.7530
15.8590,16.3182,15.5551,15.8327,16.6848,18.0140,17.0231,19.8001,18.3948,18.2998,20.2342,19.5895,19.6790,19.4148,21.9078,20.5357,19.2504,17.8053,19.5914,17.8816,17.1632,18.4833,18.7855,19.5724,18.4038,18.6917,16.4676,17.6238,17.4973,18.2543,17.0607
17.3319,14.6024,16.1229,16.9073,16.8261,16.5004,16.6363,18.2726,17.1062,18.9112,17.1540,18.4002,19.2167,18.1987,20.4222,20.2047,18.9683,18.3327,18.2249,19.6969,18.3995,17.9482,18.9658,21.2768,19.1943,19.3901,18.5757,19.0892,16.7605,17.4561,17.4694
16.3148,15.2603,15.6326,15.9167,14.4972,17.2043,16.0866,17.3275,19.0909,17.4911,17.9457,20.3481,19.8503,20.6768,19.7388,20.5720,18.7697,18.5884,19.4918,18.0762,19.3158,20.6129,16.3560,17.2336,18.9622,17.5708,18.7905,16.6163,17.7966,17.2630,17.0061
13.4837,15.5408,16.3723,16.9256,16.8246,16.5099,17.3878,18.1339,17.8883,18.1385,19.9618,17.9761,19.0145,17.6542,20.6146,20.6406,20.3003,20.5065,19.8818,19.6441,19.5028,18.3847,19.5463,17.9889,16.8218,18.9164,19.7065,16.8207,17.4846,16.5950,17.1096
15.5488,17.9189,15.8437,16.3717,16.4742,16.1025,17.6640,18.0812,17.9179,15.3553,19.1686,18.1797,17.4366,19.5100,19.7134,18.3469,22.0238,18.7217,18.4594,18.8831,21.3104,19.6524,19.0764,19.3657,18.7638,18.5339,18.6291,19.8060,20.0097,17.6704,18.4820
15.4681,15.1713,16.1636,16.4958,16.7567,16.4704,17.4140,18.4401,16.9129,18.2011,18.4412,19.3397,19.0895,19.3827,18.7042,20.0196,19.3054,20.5834,19.8385,19.7979,18.8406,20.2750,20.0209,19.9560,21.1544,18.6022,19.7831,18.2877,18.7407,18.4019,17.5395
16.4220,16.1166,16.0772,17.2624,17.0943,16.7983,17.6541,16.8245,17.2200,16.5684,18.0959,20.4411,18.8672,20.6353,20.2434,19.3389,21.1304,20.1418,17.5766,20.1539,17.6894,18.3525,18.9707,17.8008,19.0132,18.5438,15.9746,16.8597,17.4951,16.4423,17.2671
15.1358,15.8728,13.3121,16.0784,16.5803,16.7409,15.8831,17.4253,17.1045,18.9885,17.6274,18.5786,18.8248,19.9163,17.0056,19.4228,20.8089,19.3487,18.0533,19.9597,19.8194,18.9131,17.8048,17.8787,18.0817,17.3867,16.2184,17.0847,17.6436,17.1369,17.3965
16.1974,15.2884,16.1384,16.5330,17.1282,17.5314,17.0977,16.7528,17.4550,19.5168,19.0188,19.5723,20.5988,18.3875,20.3486,19.1050,19.4696,20.0463,20.9659,18.2334,18.9188,19.9257,17.2309,18.8292,17.9511,17.3135,18.1903,18.4773,16.8181,17.7963,16.9355
16.0831,15.4878,15.9936,16.6267,16.9258,17.3496,15.1462,18.3680,16.7937,16.1655,20.1351,17.7816,19.7470,19.1346,19.5488,20.7961,19.0439,20.1687,20.0016,20.7028,18.8902,19.9899,20.5196,19.8778,18.5851,18.3477,20.5103,19.5538,16.5743,17.9501,17.0986
16.6977,14.7046,17.2741,16.3874,17.7993,16.7104,18.3936,17.3156,18.6996,18.6183,18.9961,19.1213,20.0007,18.3348,20.7890,20.6958,18.9716,17.8697,18.3065,19.6089,19.1653,18.0439,19.1053,16.9218,17.2911,18.2137,17.5846,16.9818,14.8997,17.8611,16.9337
17.6617,14.4629,15.2146,14.8606,16.0264,17.7162,18.2942,18.1137,18.4673,17.4133,17.6501,19.7546,21.1699,19.7036,18.7783,18.2024,18.8114,20.7802,18.7907,17.8787,18.2478,18.2315,18.7326,17.5669,17.0944,17.7117,18.0988,18.2573,17.9121,16.7477,16.9649
15.9112,16.4102,15.3473,15.3651,17.3085,16.0979,16.3578,18.3074,16.6853,16.7715,19.1910,16.9056,18.5382,19.3223,18.3463,18.8684,21.1061,20.6060,19.1206,20.3719,21.0329,18.0567,19.0277,20.6519,19.2116,19.2257,17.9917,17.2014,19.2369,18.6699,17.7475
17.2329,14.8436,16.0044,15.1981,16.7337,17.0300,18.1491,18.8211,18.6923,20.0431,20.5506,19.7043,19.9938,17.9062,20.6971,20.1017,18.2128,19.4454,20.8069,18.4068,20.7662,19.5898,18.6047,18.4659,19.2515,16.7736,20.0789,17.2636,17.1774,19.0149,17.4231
15.6855,16.2009,16.5731,14.5398,17.4792,17.6921,17.4717,17.8831,17.0580,18.5362,20.3766,19.1807,19.2887,19.4032,21.8715,18.0880,20.2628,19.1411,20.8013,20.1191,18.6606,17.0543,19.6969,19.5325,16.7620,18.4703,16.8458,16.7602,15.9638,18.3964,17.2405
18.0025,15.3001,17.1632,16.8731,17.4239,18.7944,18.7788,18.2953,17.5274,17.5270,18.8104,19.5001,20.0941,20.8828,20.7709,17.2077,20.3110,18.2188,20.2459,19.3134,19.3208,18.0019,18.7292,16.3436,19.3217,17.6899,15.1881,18.6905,19.1037,16.2399,17.4324
14.6404,16.9470,16.2103,14.8651,16.2424,18.2086,16.7597,16.4744,17.7490,17.5610,17.4231,19.3643,20.0091,18.9320,20.2822,19.5636,20.0972,20.1266,21.3274,20.1369,18.4156,19.7898,18.9415,18.5727,17.8339,18.4151,18.2674,17.7936,16.6907,16.2253,17.6134
17.8587,14.7984,15.9775,16.5828,18.1138,15.7757,17.9192,19.4871,19.7126,19.2780,19.0966,21.2708,18.1421,21.2353,20.5492,20.3745,19.8748,19.6707,20.2584,18.0095,17.7994,19.1125,18.7020,18.5891,19.9186,17.6144,18.7866,18.3066,20.2047,16.1718,16.9874
16.4187,15.4472,15.2685,18.7142,15.8015,18.2008,18.8944,17.1870,16.6633,16.9386,18.2507,19.4394,19.8238,19.6247,19.9794,20.9530,20.5344,19.7925,18.4966,19.5726,18.7567,17.7666,17.8030,19.4587,19.7646,17.4472,15.7163,18.4455,16.6895,18.0925,17.1644
16.2566,15.5394,14.8241,15.1384,17.2854,16.5206,18.6946,16.2705,19.7654,17.8030,18.9527,19.1362,18.7198,17.4150,19.3228,21.5421,18.4858,17.6540,18.8928,18.5280,17.5428,17.8724,17.8154,17.6808,18.2119,18.7883,18.3148,18.0113,18.9745,18.0621,17.6379
16.4131,14.7621,15.3857,16.2683,17.0397,17.4054,16.9404,17.4743,17.7581,18.7770,17.2798,19.2411,17.1019,19.5995,19.7109,19.8405,18.0456,21.5749,20.7373,19.6795,19.7921,18.1697,19.4734,20.0201,17.1731,20.8941,17.4740,18.4846,16.6341,17.7174,17.0619
16.2440,14.7652,17.5394,15.0938,16.0646,18.3117,19.8068,17.4244,17.3071,15.5417,20.0224,18.8366,16.9724,19.9827,20.0677,19.4009,19.4798,20.5606,19.9684,20.1554,20.6824,20.3515,19.5762,18.9894,16.8243,16.7208,18.4711,17.9352,17.7763,18.0322,16.9218
15.3425,15.6259,15.7472,17.0691,15.6003,17.5531,18.9808,18.1724,17.5164,18.1349,19.1919,18.6936,20.7894,18.0740,21.8263,18.0326,19.8311,18.5314,20.3319,18.6777,18.0509,18.7033,18.4576,16.7729,18.9650,15.8075,19.3354,17.5430,18.5603,16.8963,17.0869
14.5933,17.2004,17.7317,15.8840,17.1508,16.8051,17.3901,19.0060,17.6684,20.1461,18.3824,18.8738,21.1353,19.7650,17.7984,20.3411,18.5951,18.0426,18.3637,19.6350,18.0654,17.4464,18.2909,18.7757,17.4370,16.5561,15.6204,16.6469,18.0578,17.8785,17.5018
16.6046,16.2801,15.1645,14.6779,17.5541,19.1537,16.8389,17.6550,19.5403,20.1989,18.7244,20.2995,19.9988,18.9132,17.9092,19.2147,20.2265,20.0096,18.9707,18.2369,17.4284,17.1337,18.4721,16.7439,18.1058,17.2888,17.5010,19.7800,17.4916,16.9788,16.9604
16.1376,15.2768,16.2037,16.7985,17.7123,17.3134,17.8581,19.1251,17.2565,18.4128,19.1643,20.1847,19.4388,19.8477,19.8009,21.3797,19.6900,20.5060,19.4404,19.4213,18.1657,19.0499,18.8714,17.2432,17.9504,18.0373,16.5611,16.8909,19.2806,16.6830,17.3439
17.6092,15.2812,16.2653,17.0331,15.3688,16.6784,17.1422,18.2270,17.6060,16.9703,19.0741,18.4896,18.3037,18.8157,19.6885,21.2268,19.5038,20.4005,16.8885,17.9533,17.5038,18.2503,19.2871,17.8915,16.9538,18.7981,16.7973,17.7603,16.6157,17.4769,17.7643
15.3161,17.0566,16.0178,17.0398,18.3956,17.9406,18.5292,16.3703,17.7334,20.5944,18.5637,19.5754,19.4212,19.1692,18.5525,18.6405,21.2848,19.2246,18.0500,18.1067,19.6704,17.7542,17.8141,17.1383,16.9925,19.7593,17.8176,17.4098,16.8531,18.1673,17.2815
15.7368,14.9808,15.6590,16.4841,17.0497,17.2098,18.5969,19.9841,18.9755,18.1288,19.3876,18.2556,18.5866,19.1129,20.5370,21.1930,22.0851,21.0079,20.3851,18.8748,19.3772,19.6314,18.8171,20.6629,17.6786,17.4070,18.1596,19.6703,15.6588,16.2673,17.0246
16.1021,16.5054,14.8223,16.2996,16.7946,17.5472,17.5818,16.9112,19.4628,19.2369,18.9938,20.2091,20.6013,20.9826,19.9514,19.9110,19.4514,20.5689,18.9761,18.5240,19.7970,19.6100,19.5031,17.7598,18.8516,19.3126,17.6705,17.5622,17.2383,18.7777,17.3190
16.0509,16.0964,15.9057,16.8477,17.1108,16.5136,17.7154,17.2512,18.3288,17.8536,18.7095,20.5518,18.6312,18.0343,21.3439,20.2861,19.6476,19.9156,19.0223,20.6593,20.0281,19.6441,19.2309,16.5990,17.4121,18.6677,15.3482,17.8896,16.8922,18.3214,17.3863
15.3786,14.5123,16.1638,15.0412,15.9737,16.8291,17.4494,17.6141,18.1713,19.9131,19.6393,20.7525,20.5460,20.2636,18.6507,18.2646,19.3172,18.8214,18.1375,19.3987,20.0886,18.5464,18.6666,17.7557,17.3863,19.7889,16.2406,17.2230,16.6580,16.7558,17.7049
16.1362,15.5952,14.5238,17.6472,17.4200,16.4465,19.2403,18.9431,17.8997,19.9671,19.8608,20.3731,19.2535,19.5686,18.9898,19.1135,17.0605,20.4292,17.9736,19.5112,17.4580,18.6957,17.1808,18.1753,16.3561,17.1343,18.2613,17.4259,17.1310,16.4328,17.9370
17.0849,14.6805,14.5109,14.1477,15.5383,17.5016,17.0774,19.3324,18.7605,17.9517,18.3624,18.6502,20.3684,19.1932,19.8389,19.3945,21.1623,19.1746,18.8089,17.5998,19.8042,18.0835,18.2937,17.7544,17.7710,15.7717,16.7782,16.1627,19.1973,18.3240,17.6914
15.4408,16.5270,16.7994,18.1195,17.7343,17.5194,15.5833,18.1998,17.6906,19.6555,19.1500,18.5881,19.2260,19.0160,19.4092,20.1300,20.9548,20.2439,20.4117,20.3410,18.9397,20.6507,17.7122,19.0091,18.1238,16.3623,19.7862,16.1346,18.5920,19.4527,17.2630
15.4049,15.2806,15.9770,15.9486,16.6143,19.0308,17.2145,17.7274,16.4962,16.6390,18.3637,18.3668,19.4023,20.8125,19.2171,19.5581,20.9291,19.3445,19.6622,19.3127,21.1040,17.2188,17.8782,19.1387,19.3962,16.9414,18.8694,16.9617,16.5730,16.4998,17.0133
18.3192,16.4684,15.3045,17.2461,17.2909,16.5611,18.2537,17.3845,17.5132,18.4793,19.3067,18.5236,19.5673,17.7066,20.0306,19.5505,19.3407,17.2877,18.2459,17.8599,20.0782,18.2893,19.2596,19.5460,18.0831,17.3036,19.3539,18.0421,16.2914,17.7153,16.9823
16.1068,17.1934,17.0741,17.4329,17.3532,16.6129,16.1827,17.3980,18.9395,19.5276,17.2225,17.1582,21.0312,21.0094,19.2739,20.0957,20.0213,20.8188,19.0743,19.8845,19.3848,19.2834,19.7874,18.7763,17.2106,19.1798,17.5562,18.7557,17.8988,16.4283,17.0256
15.9088,16.0572,16.1557,17.3717,15.6388,17.1503,16.5573,17.2704,21.0059,17.4277,19.0128,19.2060,17.3468,18.4320,18.0217,19.8308,19.0634,19.2262,18.4272,20.3294,20.2079,20.9704,19.0245,19.7813,20.1166,20.8715,17.1720,17.4727,17.3040,16.5557,17.6635
15.3957,15.4593,16.7285,17.1219,16.2424,18.4439,17.1203,17.6250,17.1567,19.1401,19.6458,19.0309,17.3204,19.4867,20.5131,19.8636,19.8834,20.1671,17.6042,20.1601,17.0963,18.7915,18.9148,17.5340,18.3079,18.0242,16.8544,16.7984,17.9267,17.4501,17.1565
16.8318,16.5251,16.0000,17.5468,16.2882,16.6008,17.0049,17.8862,19.2212,19.1668,19.4479,19.1608,18.9771,18.3784,18.8722,19.8756,21.7075,20.2916,19.7695,19.7902,17.7026,18.1645,19.2092,19.5605,17.8596,18.8315,16.2227,18.5406,19.2403,17.4807,17.5177
15.7267,17.0113,18.5976,16.7398,17.2387,17.3125,18.0431,20.0568,19.5456,18.6546,19.5900,16.7249,19.1801,16.5085,20.6450,17.5760,20.6007,18.7564,22.0316,18.0737,18.9534,20.8276,19.5031,19.1063,18.6296,18.7781,17.9559,18.4128,18.2932,18.9029,17.7590
14.7372,16.6951,15.9799,16.7228,17.3583,17.9072,17.5937,15.8722,17.3016,19.3844,20.9623,19.2674,21.0080,17.5687,21.5724,18.7950,18.6174,19.1134,19.6008,17.8427,19.8337,17.1630,18.6092,17.2894,18.0497,15.4330,16.5143,16.1374,18.2841,14.9236,16.8884
15.9651,16.4005,16.3228,16.3294,17.9415,17.5629,17.9024,18.7640,16.0119,19.4427,21.1726,18.2069,22.0456,18.1937,19.4157,20.6505,19.3325,18.9178,19.7342,19.8743,20.1433,18.7765,16.9365,19.4823,19.8800,18.1233,19.1906,16.8395,17.3910,16.6691,17.5138
15.3646,16.9609,15.0906,16.2967,17.5783,16.3911,20.3488,17.9589,16.4933,19.8411,19.4208,19.2875,20.1776,20.5925,20.1557,20.8540,20.2759,20.6250,18.9686,18.8117,19.8892,19.8865,18.9038,18.7701,19.4751,17.6109,17.0663,18.9642,18.1991,16.9709,17.4649
15.1744,17.3893,16.2119,17.6434,16.9524,17.3413,17.5621,19.7346,19.7610,17.3374,18.5048,20.8136,18.0076,21.6476,20.6886,18.8103,17.5088,19.6707,21.1157,19.6975,20.0737,19.7058,18.8841,19.2361,18.0272,18.0506,17.5912,17.8364,17.7055,17.8406,17.1492
15.3981,14.0086,15.5096,14.9424,14.5112,16.0439,16.9504,17.4121,20.3342,19.7500,18.6588,19.4181,18.6374,18.9556,20.1516,19.9112,21.2468,20.1915,18.2961,17.6954,19.1245,20.0126,17.7504,17.5655,20.7388,18.1955,17.7222,20.2474,17.4478,16.5223,17.5376
15.0959,16.0650,18.5102,16.1201,15.0129,16.5792,17.0587,17.0345,19.6067,18.2648,18.3193,19.3311,19.3171,17.6072,20.5175,20.6566,20.2943,20.3974,20.6334,20.7011,17.5382,18.4554,18.0021,18.2649,19.0606,16.6167,18.7836,16.6006,16.9847,16.4779,17.4973
16.2313,15.4925,15.6710,17.1117,15.7461,18.0901,17.2294,18.1749,17.7518,17.8648,18.1886,19.8323,17.5528,19.8047,19.4323,19.4541,21.7341,19.0592,18.8194,17.9015,17.4533,19.0266,18.4377,19.6839,19.1069,17.8051,19.8882,19.3315,18.0787,18.7754,17.6484
15.7877,17.1842,16.0409,16.5339,17.5709,17.6349,18.7991,17.6633,17.7272,19.3135,19.0165,19.8854,20.1597,20.4237,19.0797,19.7081,18.9944,18.9734,19.4096,20.5853,20.8010,17.5738,18.0535,17.1023,16.8525,17.2926,15.8398,17.6300,15.8850,16.6173,17.4840
16.8521,15.7618,15.7993,17.4221,17.7795,17.8829,17.3452,18.7394,19.2538,18.0074,18.7107,17.4523,18.8084,20.6943,19.1113,20.1429,19.4601,20.9123,19.1902,16.9396,18.2567,18.8859,18.6802,18.4091,19.0838,17.7444,15.3554,16.3889,17.1373,16.5474,17.9020
15.2061,16.2305,17.8390,16.8337,18.2894,17.2055,17.6501,16.1793,18.4184,17.4420,17.5723,17.2560,19.7117,21.7671,19.1777,20.0548,19.8316,20.4618,20.7416,19.5549,19.1439,17.5621,19.8731,19.1275,17.0973,17.4494,17.3230,17.5818,16.7551,18.3398,17.4277
17.0661,13.7004,15.8089,16.5587,17.6961,16.4378,17.1334,18.4261,17.1019,18.8915,19.8066,18.0033,19.6724,19.7189,18.9103,20.3410,19.8792,19.1701,19.4481,18.5701,19.7274,19.6146,19.5746,18.7032,18.5636,17.4966,18.5947,17.0620,17.9708,16.8744,17.4046
14.9479,15.9045,18.0452,18.8506,17.1404,17.6456,16.5771,17.5055,17.2968,19.4438,18.1178,18.7286,20.0339,19.4125,20.8855,19.8630,20.6488,18.6188,19.3599,17.8223,18.1407,18.0552,20.5372,17.3981,20.3643,18.9002,18.5716,17.1902,18.3869,19.3955,17.3525
17.4164,15.4581,15.2215,16.6116,16.3176,17.6255,18.7753,15.9389,19.1495,20.9576,18.1120,20.0621,18.8171,19.4034,20.2938,21.7200,21.4923,19.7788,20.5090,16.5640,19.1098,19.0077,19.5824,17.9947,17.7712,17.7165,18.9208,18.5073,17.5628,18.6481,17.5961
16.5985,16.6430,17.0614,17.8273,15.8365,15.6067,17.4662,17.9566,18.1420,20.9983,18.8181,17.9031,18.9327,20.3452,20.0758,21.1039,20.6631,20.4616,20.2845,20.1453,19.2134,20.6610,20.1124,18.2007,19.1799,19.7500,20.0154,18.8721,19.2878,16.2130,17.8438
17.2559,16.9864,14.5376,15.5905,16.5047,17.3225,17.5321,16.0913,18.2698,18.6219,17.6904,17.6709,19.8613,19.2025,20.7154,21.0342,20.2057,18.1239,18.3537,17.0950,18.1744,17.5595,19.8445,18.6180,17.4919,16.2805,19.0560,16.3311,15.0476,16.3550,16.8822
15.5374,16.2462,16.6717,15.4862,17.5965,17.5564,17.3464,18.7551,19.5754,17.8143,18.5084,19.2561,21.0445,20.0088,20.2538,21.9459,19.4143,20.6346,18.9480,19.4943,19.9527,18.0288,17.8792,18.1964,19.8161,16.3545,17.2200,18.6079,15.3271,19.2157,16.9496
16.0050,16.0600,15.2704,16.1237,17.4695,16.5616,17.5890,17.8521,17.4025,18.4616,19.6695,17.8795,18.6066,19.3402,18.5498,19.5065,18.3568,17.7238,19.6032,19.8202,20.6376,18.4656,19.4161,17.9442,17.2350,18.4661,17.4741,18.0844,17.5791,16.2164,17.3119
17.0437,15.3568,15.0099,16.4855,17.2285,18.0392,17.4370,17.9040,18.8749,18.3101,20.1126,17.4399,18.1007,19.3741,21.2363,19.8287,18.3642,20.4124,18.3163,20.4840,19.8776,20.1168,19.6715,19.3266,18.8865,17.7440,17.6974,17.7152,17.7513,16.9969,17.2647
15.8742,15.5503,15.1029,17.7722,15.4326,16.9118,18.4736,18.7629,18.2358,19.8568,18.8297,21.5798,20.8815,19.2552,20.8389,19.4788,19.7589,20.4071,18.1350,20.2953,18.3477,19.4788,18.7228,17.4740,16.5896,16.6523,18.1936,16.8402,17.1813,17.1812,16.9887
16.3595,14.6705,17.0817,17.1905,19.1552,16.5453,18.6441,17.6151,17.1377,20.5350,17.7595,20.7915,19.0512,20.5608,19.5252,19.3725,19.2718,19.6265,20.2278,21.1045,18.5670,19.2438,18.7698,18.8189,17.8458,17.3850,17.9543,18.1557,20.1904,19.1606,17.1376
15.7345,15.8899,16.5898,14.9322,16.0516,17.8686,14.9936,18.8828,19.5998,20.4423,16.6427,18.9461,18.9863,21.4056,20.8222,20.9888,20.3584,17.9227,19.7915,17.1263,19.4291,19.0036,18.3005,18.6438,18.9768,17.1842,18.0533,19.0299,17.6239,17.2935,17.1930
15.7851,14.3048,16.8131,15.7266,15.9109,14.8975,17.7366,17.4474,18.7138,17.3353,19.6967,19.8623,21.0963,19.1917,21.0727,19.6502,20.3982,19.8343,21.1773,20.0795,21.3828,19.7567,19.4513,19.0652,19.2216,18.0951,17.5894,17.9143,18.0351,17.6906,17.6170
16.3768,14.6284,15.7537,14.8287,18.1063,16.8879,17.3722,18.3540,19.0119,20.9401,19.2012,20.6142,19.2397,19.1866,19.3855,19.8947,19.9212,20.4990,20.3536,18.7143,19.1923,19.6643,17.2134,17.6846,16.9214,18.5027,17.8465,16.8091,17.9526,16.9001,17.2145
16.3676,16.7464,15.0462,15.3161,15.6676,16.5941,14.8875,17.2447,15.9386,19.0119,18.8460,19.0036,17.0129,18.8507,21.0288,19.2405,21.0327,19.0830,19.6028,22.1467,20.0607,20.5242,19.0435,17.4526,17.3852,19.5560,18.7271,19.5670,17.5996,18.2130,17.6760
16.9486,14.1052,15.7019,17.8177,18.0230,17.0909,16.5492,16.7444,17.7322,18.2802,17.6432,17.6968,19.4379,20.4761,19.8144,19.8594,21.2271,18.9451,19.9160,19.5308,19.1201,18.5557,20.3071,19.6428,18.7415,20.3533,16.9434,18.0015,17.2248,19.6451,17.8820
15.3426,15.0693,16.2913,15.4743,17.4036,18.8356,17.4940,17.9310,20.3659,19.7073,19.7656,20.3273,19.9623,21.7715,21.0066,17.4879,20.4030,19.7473,17.5866,20.2491,18.8555,18.1066,16.4355,18.2910,18.0269,18.5130,17.9148,17.4757,16.6762,16.9836,17.1365
14.1573,15.5133,15.8929,18.3147,18.2820,18.2529,18.1894,17.8996,16.5295,18.1808,18.3799,18.1610,20.2223,19.4111,19.2525,18.2004,21.1064,20.4837,19.3385,19.5631,18.9584,19.4987,18.9732,18.0434,17.7674,16.9045,17.5761,18.8348,15.7095,17.7563,16.8235
14.5310,14.8058,17.4609,16.2313,16.7445,17.3707,16.8135,18.2563,18.5656,18.3467,18.2116,19.1045,20.2710,19.4326,19.8046,18.7229,20.7085,19.0565,20.3654,19.9145,20.5331,19.5036,18.0971,21.2616,20.0944,18.5821,17.6457,17.0741,19.4301,17.6654,17.3679
16.3607,15.4104,17.6511,17.8822,16.6848,16.4491,18.5627,20.9323,18.7654,18.5094,18.0335,20.2651,18.6573,20.8921,20.5425,20.0677,19.2587,21.3796,19.3070,21.0363,19.4516,20.0871,18.0954,18.7169,18.1182,17.7200,16.5973,17.6168,19.5076,18.9643,17.2953
15.3443,15.0863,15.7989,17.1789,16.7053,17.0476,17.3717,18.0510,18.1009,18.0200,18.0437,20.3796,20.1286,19.8964,19.5748,21.7078,19.4308,20.3225,18.1908,20.4070,19.7933,18.0530,18.8136,17.4433,18.0230,16.9001,18.2646,19.0994,17.2601,17.3238,17.1310
15.8518,17.0097,15.5582,16.5210,16.8384,16.5545,16.9930,16.0861,15.0260,17.5129,19.0221,18.2732,17.5672,18.5920,20.4918,18.4518,19.8106,20.0407,21.1490,19.4974,21.0497,19.1716,20.2851,20.3468,20.7093,20.4084,17.3972,19.6187,16.4257,17.4552,17.4487
15.2965,16.6399,15.7915,16.5594,17.9525,18.4704,18.3934,19.9789,17.9457,17.7879,20.9431,19.9975,19.6473,18.1378,21.1186,20.6879,18.8335,19.8580,20.0992,17.5234,19.4062,18.6348,17.5500,17.8976,17.9235,17.3168,17.4081,15.8266,17.2961,19.0424,16.8732
16.7211,16.7510,16.5842,15.2018,18.0108,17.6362,18.0404,16.5888,18.3629,19.0825,19.3618,19.2533,20.5332,18.4927,18.5686,18.5351,20.3241,20.4107,19.9006,19.6423,17.3245,19.5100,18.6922,20.6038,17.4998,17.4473,18.7986,16.2693,17.2449,19.2001,17.5490
15.8906,15.2294,15.6532,16.3332,16.2216,18.3022,18.1202,19.7371,17.2992,20.8693,18.6071,19.6664,21.9315,21.3965,18.5971,20.7119,21.1444,19.9162,20.0032,18.2168,18.9845,18.4631,17.4052,17.7875,17.8092,17.3162,17.1802,17.2335,19.1979,19.1356,17.0009
15.3894,16.0846,16.0687,16.7871,17.7622,17.8209,16.4773,17.9836,16.9278,18.6349,19.5647,19.2316,20.2739,21.4318,21.3268,17.5211,18.9987,19.1780,20.2907,18.5509,20.4108,18.8967,17.2753,17.0645,17.1125,16.0824,17.1830,18.5798,17.3192,18.3067,17.6906
16.4484,16.5628,16.0889,16.9236,16.2569,15.4299,17.4172,16.7391,15.9085,17.5946,18.4576,19.2148,19.5906,20.0018,21.7889,20.3476,20.3068,21.2648,20.7347,18.4310,19.4539,18.1134,18.9407,20.1249,18.3314,17.6163,16.4368,17.9020,17.4740,17.9323,17.0965
16.1279,16.4773,15.3805,16.5724,18.1375,17.6877,18.3339,17.8830,19.6809,17.8647,18.0062,17.7765,19.7908,19.5858,20.7454,19.7439,18.4869,19.8217,18.6988,18.6241,20.1544,19.3567,18.0044,18.2895,16.9308,16.4762,18.4063,18.8737,17.9009,16.2139,17.0338
16.3681,14.3631,13.9102,14.8089,16.4911,18.1454,16.7319,17.7480,17.8996,20.5804,17.6249,17.9939,18.8488,19.1929,17.1299,19.8021,19.4446,19.6193,18.7758,20.3432,20.4625,19.7221,19.8261,17.7244,17.5352,17.4876,18.5278,18.6388,18.3696,17.6733,17.2124
16.2495,15.6260,14.8298,17.2360,16.6079,17.3902,18.8737,18.9496,18.6054,17.7845,18.1598,17.7457,18.8712,21.5586,19.9017,20.2998,20.2023,20.4062,20.9589,19.3791,20.0939,22.4163,16.5994,18.5509,18.6696,18.6783,18.6854,17.3567,20.9729,17.3401,17.3428
15.1097,16.0241,14.7491,15.9092,15.1602,15.4229,17.7779,17.8878,19.7725,20.4904,19.3744,19.8758,18.6388,19.6882,20.0073,20.4578,19.8346,18.8376,18.5526,17.7746,16.9596,17.3340,17.9336,18.0869,17.4759,17.7913,19.0233,17.3888,16.6574,17.0601,17.8726
16.7390,15.6635,15.4094,16.1773,16.9748,18.3481,16.6255,17.2810,18.9663,17.8750,19.6818,18.2253,19.1339,19.5598,21.6462,20.2129,18.4942,18.2480,21.3712,19.9137,18.6580,19.6796,17.8296,18.6892,17.4157,18.1682,16.8127,18.2243,18.8456,17.5101,17.4171
15.4715,16.3877,15.3787,16.3807,16.5312,16.2885,19.2248,17.6816,19.6008,16.2450,19.6503,18.9442,18.9634,20.5431,20.6182,21.2262,21.1056,19.8891,19.5229,19.1173,18.3796,20.2560,19.8305,19.2244,18.2889,17.6258,17.7527,17.7072,18.4109,18.2275,17.2045
15.4180,16.3025,15.5548,18.2760,16.1299,17.3911,15.8293,18.6334,16.4211,18.4701,18.5811,17.9222,18.6882,20.3419,19.6488,20.6048,19.3055,19.8622,18.7376,20.1174,18.6987,17.6027,18.7504,19.5530,17.6859,18.1721,17.8025,19.1244,17.3015,16.7287,17.0590
15.9534,15.7246,14.1501,15.4155,14.9391,17.3108,17.4535,15.9759,18.0570,17.3844,16.1695,19.3402,21.0452,18.8090,20.4443,20.0795,19.4573,22.0213,18.6431,20.3252,18.0650,18.1160,19.6522,17.8449,18.6051,17.8803,18.6292,17.6315,18.7023,17.0885,17.6346
16.6008,16.6555,15.5570,17.1745,17.5816,15.6522,16.9048,18.2685,18.0106,19.0590,18.3138,17.6063,19.3625,17.4129,19.9993,21.5145,20.0453,19.1136,18.8314,19.2427,21.1694,19.7171,18.4926,18.0566,18.5044,20.0001,17.1117,17.2691,17.1584,17.4921,17.2230
17.2482,16.7346,16.6727,17.2113,18.5667,18.8105,18.9360,17.6452,19.6448,18.1832,19.6090,19.5207,19.0832,20.1042,20.6276,19.7554,20.5526,19.2353,22.4311,18.9929,20.0059,19.4846,20.1813,18.4386,19.7300,19.9736,18.6652,17.9409,18.7980,16.9121,17.7643
17.1511,14.9831,15.8999,17.2388,17.2248,15.4996,19.4269,18.2839,19.1215,18.0068,19.8886,18.1416,18.7132,19.1419,20.2224,18.3898,20.8038,19.9318,19.4254,20.0607,17.4977,19.6426,18.1473,19.0980,18.9391,21.3685,15.4544,16.9720,19.7014,16.7766,17.3749
17.1700,15.4160,18.1952,16.6219,15.3779,19.7384,17.0989,18.4630,19.2148,19.6320,18.1515,18.8562,19.7332,22.8013,20.6560,19.8416,19.8606,20.4059,21.0060,18.7817,18.0953,17.8161,17.6551,18.8293,18.2199,18.4367,19.2119,17.0641,18.3189,17.6222,16.8771
15.5061,14.6946,15.7808,16.3813,17.1522,16.2440,17.4589,18.5909,19.0726,19.8611,19.5999,19.4824,22.0187,20.2935,21.7354,19.4547,20.9583,18.1275,20.2092,18.6306,18.7876,18.6306,18.0850,15.6090,20.0796,17.5458,16.4568,19.0320,19.3447,17.3168,17.0079
16.3089,16.7059,16.4795,16.1749,17.8694,16.2241,17.0586,14.8771,18.0776,17.8433,19.8495,18.4418,18.7042,21.8382,20.2972,19.2999,18.4025,18.2906,20.5505,19.2364,19.3575,18.9017,17.7298,17.5176,18.6760,17.1637,16.9186,16.7246,16.7876,18.3100,17.5357
