Function,Calls,Total Time,Per Call,Cumulative Time,Per Call (Cumulative)
c:\Users\birik\anaconda3\Lib\contextlib.py:132(__enter__),2,2,2.1000000000000002e-06,1.0500000000000001e-06,7.6e-06,3.8e-06
c:\Users\birik\anaconda3\Lib\contextlib.py:104(__init__),2,2,7.8e-06,3.9e-06,8.3e-06,4.15e-06
c:\Users\birik\anaconda3\Lib\contextlib.py:287(helper),2,2,4.4e-06,2.2e-06,1.27e-05,6.35e-06
c:\Users\birik\anaconda3\Lib\contextlib.py:141(__exit__),2,2,3.9e-06,1.95e-06,6.1e-06,3.05e-06
c:\Users\birik\anaconda3\Lib\typing.py:2256(cast),4,4,5.000000000000001e-07,1.2500000000000002e-07,5.000000000000001e-07,1.2500000000000002e-07
c:\Users\birik\anaconda3\Lib\site-packages\traitlets\traitlets.py:629(get),2,2,3.6000000000000003e-06,1.8000000000000001e-06,3.9e-06,1.95e-06
c:\Users\birik\anaconda3\Lib\site-packages\IPython\core\interactiveshell.py:3541(run_code),2,2,1.1900000000000001e-05,5.950000000000001e-06,1.1521455,0.57607275
c:\Users\birik\anaconda3\Lib\site-packages\traitlets\traitlets.py:676(__get__),2,2,8.200000000000001e-06,4.1000000000000006e-06,1.23e-05,6.15e-06
c:\Users\birik\anaconda3\Lib\site-packages\IPython\core\compilerop.py:180(extra_flags),4,4,4.3e-06,1.075e-06,4.3e-06,1.075e-06
c:\Users\birik\anaconda3\Lib\codeop.py:117(__call__),2,2,7.5e-06,3.75e-06,6.37e-05,3.185e-05
c:\Users\birik\anaconda3\Lib\site-packages\IPython\core\interactiveshell.py:3493(compare),2,2,2.9e-06,1.45e-06,2.9e-06,1.45e-06
c:\Users\birik\anaconda3\Lib\site-packages\IPython\core\interactiveshell.py:1277(user_global_ns),2,2,1.3e-06,6.5e-07,1.3e-06,6.5e-07
c:\Users\birik\github\SOGA\src\libSOGA.py:53(SOGA),227,227,0.025740700000000002,0.00011339515418502203,1.1486936,0.00506032422907489
c:\Users\birik\github\SOGA\src\libSOGAtruncate.py:197(enterMonom),88,88,0.0017222000000000001,1.9570454545454547e-05,0.0037300000000000002,4.238636363636364e-05
c:\Users\birik\github\SOGA\src\producecfg.py:48(set_dist),182,182,0.0023303,1.2803846153846154e-05,0.0023303,1.2803846153846154e-05
c:\Users\birik\anaconda3\Lib\site-packages\antlr4\Token.py:36(__init__),1574,1574,0.0009753,6.196315120711563e-07,0.0009753,6.196315120711563e-07
c:\Users\birik\github\SOGA\src\libSOGA.py:26(start_SOGA),1,1,0.0023943000000000002,0.0023943000000000002,1.1516915,1.1516915
c:\Users\birik\anaconda3\Lib\site-packages\antlr4\tree\Tree.py:143(walk),150,2827,0.004700500000000001,1.6627166607711357e-06,0.051272700000000004,0.000341818
c:\Users\birik\anaconda3\Lib\site-packages\antlr4\Lexer.py:46(__init__),150,150,0.0008891000000000001,5.927333333333334e-06,0.0011393,7.595333333333333e-06
c:\Users\birik\github\SOGA\src\libSOGAtruncate.py:376(select_indices),476,476,0.025627900000000002,5.3840126050420176e-05,0.0398234,8.366260504201681e-05
c:\Users\birik\anaconda3\Lib\site-packages\antlr4\atn\LexerATNSimulator.py:94(match),1424,1424,0.0028203,1.980547752808989e-06,0.0393809,2.7655126404494384e-05
c:\Users\birik\anaconda3\Lib\site-packages\antlr4\atn\LexerATNSimulator.py:478(addDFAEdge),150,150,0.00010010000000000001,6.673333333333334e-07,0.00010010000000000001,6.673333333333334e-07
c:\Users\birik\anaconda3\Lib\site-packages\antlr4\BufferedTokenStream.py:83(consume),2654,2654,0.0035193000000000004,1.3260361718161267e-06,0.058771500000000004,2.214449886963075e-05
c:\Users\birik\anaconda3\Lib\site-packages\antlr4\error\ErrorStrategy.py:204(sync),1447,1447,0.004504,3.1126468555632344e-06,0.012312400000000001,8.508914996544575e-06
c:\Users\birik\anaconda3\Lib\site-packages\antlr4\BufferedTokenStream.py:205(nextTokenOnChannel),3817,3817,0.0029169,7.64186533927168e-07,0.005008,1.3120251506418653e-06
c:\Users\birik\anaconda3\Lib\site-packages\antlr4\Parser.py:60(__init__),150,150,0.0008737,5.824666666666667e-06,0.0023244000000000003,1.5496000000000002e-05
c:\Users\birik\github\SOGA\src\libSOGAtruncate.py:139(negate),44,44,0.0001055,2.397727272727273e-06,0.00016690000000000002,3.7931818181818184e-06
c:\Users\birik\anaconda3\Lib\site-packages\antlr4\Parser.py:91(reset),150,150,0.00039600000000000003,2.64e-06,0.0007123,4.7486666666666665e-06
c:\Users\birik\anaconda3\Lib\site-packages\antlr4\Lexer.py:114(nextToken),1574,1574,0.005849,3.716010165184244e-06,0.0568188,3.609834815756036e-05
c:\Users\birik\anaconda3\Lib\site-packages\antlr4\atn\ParserATNSimulator.py:294(adaptivePredict),1013,1013,0.0033408,3.297926949654492e-06,0.052014700000000004,5.13471865745311e-05
c:\Users\birik\anaconda3\Lib\site-packages\antlr4\atn\ParserATNSimulator.py:386(execATN),1013,1013,0.0030340000000000002,2.995064165844028e-06,0.045805500000000006,4.521767028627839e-05
c:\Users\birik\anaconda3\Lib\site-packages\antlr4\atn\LexerATNSimulator.py:259(getReachableConfigSet),150,150,0.0007018,4.678666666666667e-06,0.0015192,1.0128e-05
c:\Users\birik\github\SOGA\src\libSOGAtruncate.py:455(compute_mom1),160,160,0.009729400000000001,6.080875e-05,0.037463300000000005,0.00023414562500000003
c:\Users\birik\github\SOGA\src\libSOGAtruncate.py:479(compute_moments),476,476,0.0127112,2.670420168067227e-05,0.36484360000000005,0.0007664781512605042
c:\Users\birik\github\SOGA\src\libSOGAshared.py:180(__init__),316,316,0.013271600000000001,4.19987341772152e-05,0.1391182,0.0004402474683544304
c:\Users\birik\github\SOGA\src\libSOGAtruncate.py:179(enterIneq),88,88,0.0007277000000000001,8.269318181818183e-06,0.0045964000000000005,5.223181818181819e-05
c:\Users\birik\github\SOGA\src\libSOGAtruncate.py:438(compute_lower_mom),160,160,0.0157645,9.8528125e-05,0.022713800000000003,0.00014196125000000002
c:\Users\birik\github\SOGA\src\libSOGAtruncate.py:465(compute_mom2),160,160,0.0238918,0.00014932375000000002,0.0652863,0.00040803937500000003
c:\Users\birik\github\SOGA\src\libSOGAtruncate.py:248(truncate),88,88,0.017744000000000003,0.00020163636363636366,0.8357052,0.00949665
c:\Users\birik\anaconda3\Lib\site-packages\antlr4\Parser.py:345(consume),1424,1424,0.002872,2.0168539325842696e-06,0.0323718,2.2733005617977526e-05
c:\Users\birik\anaconda3\Lib\site-packages\antlr4\atn\LexerATNSimulator.py:137(execATN),1424,1424,0.009685500000000001,6.801615168539326e-06,0.035671800000000004,2.505042134831461e-05
c:\Users\birik\github\SOGA\src\libSOGAtruncate.py:12(ineq_func),476,476,0.058463100000000004,0.00012282163865546218,0.7270967,0.0015275140756302523
c:\Users\birik\github\SOGA\src\libSOGAshared.py:204(var),316,316,0.017528500000000002,5.5469936708860766e-05,0.0276577,8.75243670886076e-05
c:\Users\birik\anaconda3\Lib\site-packages\antlr4\InputStream.py:42(consume),3420,3420,0.0010847,3.171637426900585e-07,0.0010847,3.171637426900585e-07
c:\Users\birik\anaconda3\Lib\site-packages\antlr4\InputStream.py:22(_loadString),150,150,0.0004103,2.7353333333333333e-06,0.0014871,9.914e-06
c:\Users\birik\github\SOGA\src\producecfg.py:51(set_p),181,181,7.59e-05,4.1933701657458567e-07,7.59e-05,4.1933701657458567e-07
c:\Users\birik\anaconda3\Lib\site-packages\antlr4\InputStream.py:17(__init__),150,150,0.0002752,1.8346666666666668e-06,0.0017623,1.1748666666666666e-05
c:\Users\birik\anaconda3\Lib\site-packages\antlr4\RuleContext.py:80(getText),501,502,0.0025154,5.010756972111554e-06,0.0064758,1.2925748502994012e-05
c:\Users\birik\anaconda3\Lib\site-packages\antlr4\Recognizer.py:36(checkVersion),300,300,0.0005215,1.7383333333333336e-06,0.0021416,7.1386666666666665e-06
c:\Users\birik\anaconda3\Lib\site-packages\antlr4\ParserRuleContext.py:114(getChild),1997,1997,0.0022687000000000002,1.1360540811216826e-06,0.0033751000000000002,1.6900851276915375e-06
c:\Users\birik\anaconda3\Lib\site-packages\antlr4\CommonTokenStream.py:47(LB),1403,1403,0.0013219,9.421952957947255e-07,0.0017629000000000002,1.256521739130435e-06
c:\Users\birik\anaconda3\Lib\site-packages\antlr4\CommonTokenFactory.py:46(create),1574,1574,0.0019744000000000003,1.2543837357052098e-06,0.006512,4.13722998729352e-06
c:\Users\birik\anaconda3\Lib\site-packages\antlr4\Parser.py:380(exitRule),1403,1403,0.0014303,1.0194583036350678e-06,0.0046579,3.3199572344975057e-06
c:\Users\birik\github\SOGA\src\libSOGAtruncate.py:367(find_basis),476,476,0.008034000000000001,1.6878151260504203e-05,0.037134,7.801260504201681e-05
c:\Users\birik\anaconda3\Lib\site-packages\antlr4\Token.py:76(__init__),1574,1574,0.0029752000000000003,1.8902160101651845e-06,0.0045376,2.88284625158831e-06
c:\Users\birik\anaconda3\Lib\site-packages\antlr4\Recognizer.py:24(extractVersion),600,600,0.0010775000000000001,1.7958333333333334e-06,0.0016201000000000002,2.700166666666667e-06
c:\Users\birik\anaconda3\Lib\site-packages\antlr4\atn\LexerATNSimulator.py:226(computeTargetState),150,150,0.0005558000000000001,3.7053333333333337e-06,0.0028922,1.9281333333333335e-05
c:\Users\birik\anaconda3\Lib\site-packages\antlr4\Lexer.py:226(emitEOF),150,150,0.00036290000000000004,2.4193333333333337e-06,0.0009801,6.5340000000000005e-06
c:\Users\birik\anaconda3\Lib\site-packages\antlr4\Parser.py:388(enterOuterAlt),1403,1403,0.0009948000000000001,7.090520313613686e-07,0.0011459,8.167498218104063e-07
c:\Users\birik\anaconda3\Lib\site-packages\antlr4\atn\LexerATNSimulator.py:206(getExistingTargetState),4844,4844,0.0039147,8.081544178364988e-07,0.0039147,8.081544178364988e-07
c:\Users\birik\anaconda3\Lib\site-packages\antlr4\Parser.py:572(setTrace),150,150,0.0001207,8.046666666666667e-07,0.00015700000000000002,1.0466666666666669e-06
c:\Users\birik\github\SOGA\src\libSOGAtruncate.py:427(_prob),160,160,0.0053004,3.3127500000000004e-05,0.040941000000000005,0.00025588125000000004
c:\Users\birik\anaconda3\Lib\site-packages\antlr4\InputStream.py:48(LA),9688,9688,0.0041581000000000005,4.2920107349298104e-07,0.0041581000000000005,4.2920107349298104e-07
c:\Users\birik\anaconda3\Lib\site-packages\antlr4\ParserRuleContext.py:159(getTypedRuleContexts),382,382,0.0010328000000000002,2.703664921465969e-06,0.0026374000000000002,6.9041884816753935e-06
c:\Users\birik\anaconda3\Lib\site-packages\antlr4\error\ErrorStrategy.py:43(__init__),150,150,0.00033860000000000004,2.257333333333334e-06,0.00033860000000000004,2.257333333333334e-06
c:\Users\birik\anaconda3\Lib\site-packages\antlr4\Parser.py:208(removeParseListener),150,150,3.63e-05,2.42e-07,3.63e-05,2.42e-07
c:\Users\birik\anaconda3\Lib\site-packages\antlr4\BufferedTokenStream.py:109(sync),6621,6621,0.00351,5.301314000906208e-07,0.0641469,9.688400543724513e-06
c:\Users\birik\anaconda3\Lib\site-packages\antlr4\ParserRuleContext.py:38(__init__),1403,1403,0.0015327000000000001,1.0924447612259445e-06,0.0028229,2.0120456165359942e-06
c:\Users\birik\anaconda3\Lib\site-packages\antlr4\BufferedTokenStream.py:221(previousTokenOnChannel),1403,1403,0.00044100000000000004,3.143264433357092e-07,0.00044100000000000004,3.143264433357092e-07
c:\Users\birik\anaconda3\Lib\site-packages\antlr4\tree\Tree.py:169(enterRule),1403,1403,0.0019444000000000002,1.3858873841767643e-06,0.039410600000000004,2.8090235210263725e-05
c:\Users\birik\anaconda3\Lib\site-packages\antlr4\tree\Tree.py:180(exitRule),1403,1403,0.0014827,1.0568068424803992e-06,0.0056037000000000005,3.99408410548824e-06
c:\Users\birik\anaconda3\Lib\site-packages\antlr4\atn\ATN.py:62(nextTokensNoContext),1447,1447,0.0005348,3.695922598479613e-07,0.0005348,3.695922598479613e-07
c:\Users\birik\anaconda3\Lib\site-packages\antlr4\InputStream.py:78(getText),1017,1017,0.0005813000000000001,5.715830875122912e-07,0.0005813000000000001,5.715830875122912e-07
c:\Users\birik\anaconda3\Lib\site-packages\antlr4\Parser.py:363(addContextToParseTree),1403,1403,0.0008291,5.909479686386316e-07,0.001587,1.1311475409836066e-06
c:\Users\birik\anaconda3\Lib\site-packages\antlr4\atn\ParserATNSimulator.py:483(getExistingTargetState),2243,2243,0.0018447000000000001,8.224253232278199e-07,0.0020126000000000002,8.972804279982168e-07
c:\Users\birik\anaconda3\Lib\site-packages\antlr4\ParserRuleContext.py:88(addChild),2677,2677,0.0013858000000000002,5.176690324990662e-07,0.0016759000000000001,6.260366081434442e-07
c:\Users\birik\anaconda3\Lib\site-packages\antlr4\ParserRuleContext.py:126(getChildren),13070,13070,0.0033398000000000004,2.555317521040551e-07,0.0033562,2.567865340474369e-07
c:\Users\birik\anaconda3\Lib\site-packages\antlr4\atn\LexerATNSimulator.py:297(getReachableTarget),308,308,0.0002368,7.688311688311689e-07,0.0006767,2.1970779220779222e-06
c:\Users\birik\anaconda3\Lib\site-packages\antlr4\tree\Tree.py:88(__setattr__),4272,4272,0.0026147,6.12055243445693e-07,0.0026407,6.181413857677903e-07
c:\Users\birik\anaconda3\Lib\site-packages\antlr4\CommonTokenStream.py:40(__init__),150,150,0.0002551,1.7006666666666669e-06,0.0004307,2.8713333333333333e-06
c:\Users\birik\anaconda3\Lib\site-packages\antlr4\Lexer.py:220(emit),1424,1424,0.0023250000000000002,1.6327247191011237e-06,0.0094138,6.610814606741573e-06
c:\Users\birik\anaconda3\Lib\site-packages\antlr4\Parser.py:371(enterRule),1403,1403,0.0019556,1.3938702779757663e-06,0.0172903,1.2323806129722025e-05
c:\Users\birik\github\SOGA\src\libSOGAtruncate.py:397(extend_indices),952,952,0.053349900000000006,5.603981092436975e-05,0.0578156,6.0730672268907565e-05
c:\Users\birik\anaconda3\Lib\site-packages\antlr4\atn\LexerATNSimulator.py:66(__init__),150,150,0.0015481000000000002,1.0320666666666668e-05,0.0019721,1.3147333333333334e-05
c:\Users\birik\anaconda3\Lib\site-packages\antlr4\atn\ATNConfigSet.py:138(__eq__),3420,3420,0.0020251,5.921345029239767e-07,0.0022962,6.714035087719298e-07
c:\Users\birik\github\SOGA\src\libSOGA.py:19(copy_dist),363,363,0.0015496000000000002,4.2688705234159785e-06,0.0331332,9.127603305785124e-05
c:\Users\birik\github\SOGA\src\libSOGAtruncate.py:166(__init__),88,88,0.00044370000000000005,5.0420454545454554e-06,0.0027578000000000004,3.133863636363637e-05
c:\Users\birik\github\SOGA\src\libSOGAtruncate.py:355(trunc_parse),88,88,0.0009746,1.1075e-05,0.0713627,0.0008109397727272728
c:\Users\birik\anaconda3\Lib\site-packages\antlr4\BufferedTokenStream.py:120(fetch),1574,1574,0.0030458,1.9350698856416773e-06,0.0601949,3.824326556543837e-05
c:\Users\birik\anaconda3\Lib\site-packages\antlr4\BufferedTokenStream.py:32(__init__),150,150,0.0001756,1.1706666666666667e-06,0.0001756,1.1706666666666667e-06
c:\Users\birik\anaconda3\Lib\site-packages\antlr4\BufferedTokenStream.py:185(lazyInit),10791,10791,0.0019157000000000002,1.7752756927068857e-07,0.014181000000000001,1.3141506811231584e-06
c:\Users\birik\anaconda3\Lib\site-packages\antlr4\atn\LexerATNSimulator.py:42(reset),1574,1574,0.0006155,3.910419313850064e-07,0.0006155,3.910419313850064e-07
c:\Users\birik\anaconda3\Lib\site-packages\antlr4\ParserRuleContext.py:170(getChildCount),502,502,0.0002435,4.850597609561753e-07,0.0002966,5.908366533864542e-07
c:\Users\birik\anaconda3\Lib\site-packages\antlr4\Recognizer.py:19(__init__),300,300,0.0003532,1.1773333333333333e-06,0.0003532,1.1773333333333333e-06
c:\Users\birik\anaconda3\Lib\site-packages\antlr4\BufferedTokenStream.py:68(release),1013,1013,0.0001151,1.1362290227048372e-07,0.0001151,1.1362290227048372e-07
c:\Users\birik\anaconda3\Lib\site-packages\antlr4\RuleContext.py:67(getRuleContext),2806,2806,0.0002731,9.732715609408411e-08,0.0002731,9.732715609408411e-08
c:\Users\birik\anaconda3\Lib\site-packages\antlr4\InputStream.py:62(mark),2998,2998,0.0003369,1.1237491661107405e-07,0.0003369,1.1237491661107405e-07
c:\Users\birik\anaconda3\Lib\site-packages\antlr4\InputStream.py:65(release),2998,2998,0.0003078,1.0266844563042027e-07,0.0003078,1.0266844563042027e-07
c:\Users\birik\anaconda3\Lib\site-packages\antlr4\BufferedTokenStream.py:65(mark),1013,1013,0.0001226,1.2102665350444224e-07,0.0001226,1.2102665350444224e-07
c:\Users\birik\anaconda3\Lib\site-packages\antlr4\RuleContext.py:105(setAltNumber),1403,1403,0.00015110000000000001,1.0769779044903778e-07,0.00015110000000000001,1.0769779044903778e-07
c:\Users\birik\anaconda3\Lib\site-packages\antlr4\tree\Tree.py:68(visitTerminal),1424,1424,0.00014330000000000001,1.0063202247191012e-07,0.00014330000000000001,1.0063202247191012e-07
c:\Users\birik\anaconda3\Lib\site-packages\antlr4\tree\Tree.py:74(enterEveryRule),1403,1403,0.0001507,1.0741268709907342e-07,0.0001507,1.0741268709907342e-07
c:\Users\birik\anaconda3\Lib\site-packages\antlr4\tree\Tree.py:77(exitEveryRule),1403,1403,0.0001308,9.322879543834641e-08,0.0001308,9.322879543834641e-08
c:\Users\birik\github\SOGA\src\producecfg.py:54(set_trunc),181,181,5.58e-05,3.082872928176796e-07,5.58e-05,3.082872928176796e-07
c:\Users\birik\anaconda3\Lib\site-packages\antlr4\InputStream.py:27(index),7992,7992,0.0010661000000000002,1.3339589589589592e-07,0.0010661000000000002,1.3339589589589592e-07
c:\Users\birik\anaconda3\Lib\site-packages\antlr4\InputStream.py:31(size),1017,1017,0.0001678,1.649950835791544e-07,0.0001678,1.649950835791544e-07
c:\Users\birik\anaconda3\Lib\site-packages\antlr4\Recognizer.py:143(state),6930,6930,0.0010593,1.5285714285714286e-07,0.0010593,1.5285714285714286e-07
c:\Users\birik\anaconda3\Lib\site-packages\antlr4\Recognizer.py:132(state),2850,2850,0.00042950000000000003,1.507017543859649e-07,0.00042950000000000003,1.507017543859649e-07
c:\Users\birik\anaconda3\Lib\site-packages\antlr4\ParserRuleContext.py:133(getToken),440,440,0.0005245,1.1920454545454546e-06,0.0007688,1.7472727272727273e-06
c:\Users\birik\anaconda3\Lib\site-packages\antlr4\atn\ATNConfigSet.py:36(__init__),150,150,0.00032940000000000004,2.1960000000000002e-06,0.00032940000000000004,2.1960000000000002e-06
c:\Users\birik\github\SOGA\src\libSOGAtruncate.py:387(reduce_indices),1428,1428,0.0409817,2.8698669467787117e-05,0.0413246,2.8938795518207284e-05
c:\Users\birik\github\SOGA\src\TRUNCParser.py:669(_getText),88,88,8.240000000000001e-05,9.363636363636365e-07,0.0008951,1.017159090909091e-05
c:\Users\birik\anaconda3\Lib\site-packages\antlr4\Token.py:110(text),1017,1017,0.0014195000000000002,1.3957718780727632e-06,0.0024043000000000003,2.364110127826942e-06
c:\Users\birik\anaconda3\Lib\site-packages\antlr4\atn\LexerATNSimulator.py:285(accept),1424,1424,0.0010905,7.658005617977528e-07,0.0014883000000000001,1.0451544943820225e-06
c:\Users\birik\anaconda3\Lib\site-packages\antlr4\atn\LexerATNSimulator.py:552(consume),3420,3420,0.0034719000000000004,1.0151754385964913e-06,0.006277400000000001,1.8354970760233921e-06
c:\Users\birik\github\SOGA\src\libSOGAshared.py:52(n_comp),714,714,0.00033800000000000003,4.73389355742297e-07,0.00041680000000000005,5.837535014005603e-07
c:\Users\birik\anaconda3\Lib\site-packages\antlr4\InputStream.py:24(<listcomp>),150,150,0.0007646,5.097333333333334e-06,0.0010544,7.029333333333334e-06
c:\Users\birik\anaconda3\Lib\site-packages\antlr4\BufferedTokenStream.py:149(LA),4224,4224,0.0015538000000000001,3.678503787878788e-07,0.0047741,1.1302320075757575e-06
c:\Users\birik\anaconda3\Lib\site-packages\antlr4\CommonTokenStream.py:44(adjustSeekIndex),3817,3817,0.0016064,4.208540738800105e-07,0.0066144,1.7328792245218758e-06
c:\Users\birik\anaconda3\Lib\site-packages\antlr4\ParserRuleContext.py:156(getTypedRuleContext),1997,1997,0.0008036,4.024036054081122e-07,0.0041787000000000005,2.0924887330996496e-06
c:\Users\birik\anaconda3\Lib\site-packages\antlr4\atn\LexerATNSimulator.py:39(__init__),150,150,0.00011420000000000001,7.613333333333334e-07,0.00030220000000000003,2.014666666666667e-06
c:\Users\birik\anaconda3\Lib\site-packages\antlr4\PredictionContext.py:86(__init__),150,150,0.0001274,8.493333333333334e-07,0.0001274,8.493333333333334e-07
c:\Users\birik\anaconda3\Lib\site-packages\antlr4\atn\ATNConfigSet.py:65(__iter__),150,150,0.0001407,9.380000000000001e-07,0.0001407,9.380000000000001e-07
c:\Users\birik\anaconda3\Lib\site-packages\antlr4\atn\ATNConfigSet.py:164(__len__),150,150,7.08e-05,4.72e-07,8.410000000000001e-05,5.606666666666668e-07
c:\Users\birik\anaconda3\Lib\site-packages\antlr4\InputStream.py:71(seek),1424,1424,0.0003978,2.7935393258426966e-07,0.0003978,2.7935393258426966e-07
c:\Users\birik\anaconda3\Lib\site-packages\antlr4\BufferedTokenStream.py:75(seek),1013,1013,0.0006758000000000001,6.671273445212242e-07,0.0026307,2.596939782823297e-06
c:\Users\birik\anaconda3\Lib\site-packages\antlr4\BufferedTokenStream.py:189(setup),150,150,0.0002157,1.438e-06,0.012265300000000002,8.176866666666668e-05
c:\Users\birik\anaconda3\Lib\site-packages\antlr4\ParserRuleContext.py:102(addTokenNode),1424,1424,0.0020331,1.4277387640449437e-06,0.006647200000000001,4.667977528089888e-06
c:\Users\birik\anaconda3\Lib\site-packages\antlr4\RuleContext.py:39(__init__),1403,1403,0.0012902,9.196008553100499e-07,0.0012902,9.196008553100499e-07
c:\Users\birik\anaconda3\Lib\site-packages\antlr4\atn\LexerATNSimulator.py:472(captureSimState),3420,3420,0.0020251,5.921345029239767e-07,0.0024481000000000004,7.158187134502925e-07
c:\Users\birik\anaconda3\Lib\site-packages\antlr4\atn\ATN.py:69(nextTokens),1447,1447,0.0006578,4.5459571527297863e-07,0.0011926,8.241879751209399e-07
c:\Users\birik\anaconda3\Lib\site-packages\antlr4\Token.py:67(getInputStream),1017,1017,0.0002357,2.3176007866273353e-07,0.0002357,2.3176007866273353e-07
c:\Users\birik\anaconda3\Lib\site-packages\antlr4\tree\Tree.py:85(__init__),1424,1424,0.0010554,7.411516853932584e-07,0.0030386000000000002,2.133848314606742e-06
c:\Users\birik\anaconda3\Lib\site-packages\antlr4\tree\Tree.py:115(getText),1017,1017,0.0007335,7.212389380530973e-07,0.0031378,3.085349065880039e-06
c:\Users\birik\anaconda3\Lib\site-packages\antlr4\Lexer.py:242(line),1724,1724,0.0003389,1.9657772621809745e-07,0.0003389,1.9657772621809745e-07
c:\Users\birik\anaconda3\Lib\site-packages\antlr4\Lexer.py:250(column),1724,1724,0.0002918,1.6925754060324825e-07,0.0002918,1.6925754060324825e-07
c:\Users\birik\anaconda3\Lib\site-packages\antlr4\Lexer.py:259(getCharIndex),1424,1424,0.0006046000000000001,4.245786516853933e-07,0.0008100000000000001,5.688202247191012e-07
c:\Users\birik\anaconda3\Lib\site-packages\antlr4\IntervalSet.py:93(<genexpr>),4453,4453,0.0014416000000000001,3.237368066472042e-07,0.0014416000000000001,3.237368066472042e-07
c:\Users\birik\anaconda3\Lib\site-packages\antlr4\atn\ATNSimulator.py:39(__init__),300,300,0.00023520000000000002,7.84e-07,0.00023520000000000002,7.84e-07
c:\Users\birik\anaconda3\Lib\site-packages\torch\_tensor.py:1017(__len__),8191,8191,0.0128021,1.562947137101697e-06,0.0243872,2.977316566963741e-06
c:\Users\birik\anaconda3\Lib\site-packages\antlr4\Lexer.py:211(emitToken),1574,1574,0.00029390000000000004,1.867217280813215e-07,0.00029390000000000004,1.867217280813215e-07
c:\Users\birik\anaconda3\Lib\site-packages\antlr4\atn\Transition.py:84(matches),44,44,1.93e-05,4.386363636363637e-07,1.93e-05,4.386363636363637e-07
c:\Users\birik\anaconda3\Lib\site-packages\antlr4\atn\Transition.py:197(matches),132,132,0.0001225,9.28030303030303e-07,0.00040560000000000005,3.072727272727273e-06
c:\Users\birik\anaconda3\Lib\site-packages\antlr4\Parser.py:300(getTokenStream),2871,2871,0.0003969,1.3824451410658307e-07,0.0003969,1.3824451410658307e-07
c:\Users\birik\anaconda3\Lib\site-packages\antlr4\error\ErrorStrategy.py:78(inErrorRecoveryMode),2871,2871,0.0004327,1.5071403692093348e-07,0.0004327,1.5071403692093348e-07
c:\Users\birik\anaconda3\Lib\site-packages\antlr4\atn\Transition.py:114(matches),132,132,1.5e-05,1.1363636363636364e-07,1.5e-05,1.1363636363636364e-07
c:\Users\birik\anaconda3\Lib\site-packages\antlr4\CommonTokenStream.py:61(LT),9778,9778,0.005803600000000001,5.935365105338516e-07,0.0215842,2.2074248312538352e-06
c:\Users\birik\anaconda3\Lib\site-packages\antlr4\atn\LexerATNSimulator.py:245(failOrAccept),1424,1424,0.0012525000000000001,8.795646067415732e-07,0.0027408000000000003,1.9247191011235958e-06
c:\Users\birik\anaconda3\Lib\site-packages\antlr4\Parser.py:120(match),1324,1324,0.0015903,1.201132930513595e-06,0.0309151,2.334977341389728e-05
c:\Users\birik\anaconda3\Lib\site-packages\antlr4\IntervalSet.py:89(__contains__),1729,1729,0.0023399000000000002,1.3533256217466745e-06,0.0046128,2.6679005205320994e-06
c:\Users\birik\anaconda3\Lib\site-packages\antlr4\Parser.py:304(setTokenStream),150,150,0.0001273,8.486666666666667e-07,0.0008396,5.597333333333333e-06
c:\Users\birik\github\SOGA\src\libSOGAshared.py:47(__init__),2083,2083,0.0022171,1.0643783005280846e-06,0.0022171,1.0643783005280846e-06
c:\Users\birik\anaconda3\Lib\site-packages\torch\_tensor.py:35(wrapped),2696,2696,0.0025048,9.29080118694362e-07,0.01915,7.103115727002968e-06
c:\Users\birik\anaconda3\Lib\site-packages\antlr4\dfa\DFAState.py:106(__eq__),4844,4844,0.0029362000000000004,6.061519405450042e-07,0.0055687,1.1496077621800165e-06
c:\Users\birik\anaconda3\Lib\site-packages\antlr4\Parser.py:294(getInputStream),1424,1424,0.0004686,3.290730337078652e-07,0.0006613000000000001,4.643960674157304e-07
c:\Users\birik\anaconda3\Lib\site-packages\antlr4\Parser.py:297(setInputStream),150,150,0.0001462,9.746666666666668e-07,0.0009858,6.572e-06
c:\Users\birik\anaconda3\Lib\site-packages\antlr4\Parser.py:312(getCurrentToken),2748,2748,0.0009494000000000001,3.454876273653567e-07,0.0027748,1.0097525473071324e-06
c:\Users\birik\anaconda3\Lib\site-packages\antlr4\error\ErrorStrategy.py:66(reset),150,150,9.31e-05,6.206666666666666e-07,0.00014450000000000002,9.633333333333334e-07
c:\Users\birik\anaconda3\Lib\site-packages\antlr4\error\ErrorStrategy.py:87(endErrorCondition),1574,1574,0.0004624,2.937738246505718e-07,0.0004624,2.937738246505718e-07
c:\Users\birik\anaconda3\Lib\site-packages\antlr4\error\ErrorStrategy.py:97(reportMatch),1424,1424,0.0005952,4.179775280898877e-07,0.0010062,7.066011235955057e-07
c:\Users\birik\anaconda3\Lib\site-packages\antlr4\atn\ATNConfigSet.py:211(__init__),150,150,0.0001799,1.1993333333333333e-06,0.0005093000000000001,3.3953333333333337e-06
c:\Users\birik\github\SOGA\src\libSOGA.py:22(<listcomp>),363,363,0.0007439,2.0493112947658403e-06,0.0099453,2.7397520661157027e-05
c:\Users\birik\github\SOGA\src\libSOGA.py:21(<listcomp>),363,363,0.0008423,2.3203856749311295e-06,0.0099357,2.7371074380165292e-05
c:\Users\birik\github\SOGA\src\libSOGA.py:23(<listcomp>),363,363,0.0010308000000000001,2.8396694214876034e-06,0.0113804,3.135096418732783e-05
c:\Users\birik\anaconda3\Lib\site-packages\antlr4\atn\ParserATNSimulator.py:269(__init__),150,150,0.0005848,3.898666666666667e-06,0.0006982000000000001,4.654666666666667e-06
c:\Users\birik\github\SOGA\src\libSOGAtruncate.py:282(<listcomp>),80,80,5.61e-05,7.012500000000001e-07,5.61e-05,7.012500000000001e-07
c:\Users\birik\github\SOGA\src\libSOGAshared.py:155(__init__),2083,2083,0.0004988,2.3946231397023524e-07,0.0004988,2.3946231397023524e-07
c:\Users\birik\github\SOGA\src\libSOGAshared.py:200(mean),316,316,0.0061808,1.9559493670886075e-05,0.0061808,1.9559493670886075e-05
c:\Users\birik\github\SOGA\src\libSOGAtruncate.py:24(<listcomp>),476,476,0.00010640000000000001,2.235294117647059e-07,0.00010640000000000001,2.235294117647059e-07
c:\Users\birik\github\SOGA\src\libSOGAtruncate.py:189(enterLexpr),88,88,0.00011180000000000001,1.2704545454545455e-06,0.0005427,6.167045454545455e-06
c:\Users\birik\github\SOGA\src\libSOGAtruncate.py:193(exitLexpr),88,88,0.0001117,1.2693181818181818e-06,0.0001117,1.2693181818181818e-06
c:\Users\birik\github\SOGA\src\libSOGAupdate.py:55(<listcomp>),286,286,0.0003055,1.0681818181818183e-06,0.0014501000000000002,5.070279720279721e-06
c:\Users\birik\github\SOGA\src\ASGMTParser.py:95(__init__),62,62,0.0002859,4.611290322580645e-06,0.0018435,2.9733870967741937e-05
c:\Users\birik\github\SOGA\src\TRUNCParser.py:113(__init__),88,88,0.0004313,4.901136363636364e-06,0.0026802,3.0456818181818186e-05
c:\Users\birik\github\SOGA\src\libSOGAshared.py:62(comp),762,762,0.0024835,3.259186351706037e-06,0.019841400000000002,2.6038582677165358e-05
c:\Users\birik\anaconda3\Lib\site-packages\torch\overrides.py:1849(is_tensor_like),3184,3184,0.0011222,3.524497487437186e-07,0.0011222,3.524497487437186e-07
c:\Users\birik\anaconda3\Lib\site-packages\torch\_tensor.py:1033(__iter__),128,128,0.0003169,2.47578125e-06,0.002362,1.8453125e-05
c:\Users\birik\anaconda3\Lib\site-packages\torch\distributions\distribution.py:273(_validate_sample),1904,1904,0.015266700000000001,8.018224789915967e-06,0.0334602,1.7573634453781513e-05
c:\Users\birik\anaconda3\Lib\site-packages\torch\distributions\normal.py:78(log_prob),952,952,0.0445388,4.678445378151261e-05,0.08394610000000001,8.817867647058824e-05
{built-in method torch._C._has_torch_function},3492,3492,0.0006909,1.9785223367697596e-07,0.0006909,1.9785223367697596e-07
{built-in method torch._C._has_torch_function_unary},8191,8191,0.0012598000000000002,1.5380295446221464e-07,0.0012598000000000002,1.5380295446221464e-07
{method 'dim' of 'torch._C.TensorBase' objects},8319,8319,0.0016926,2.034619545618464e-07,0.0016926,2.034619545618464e-07
{method 'item' of 'torch._C.TensorBase' objects},11,11,9.26e-05,8.418181818181819e-06,9.26e-05,8.418181818181819e-06
{method 'numpy' of 'torch._C.TensorBase' objects},952,952,0.0053404,5.609663865546219e-06,0.0053404,5.609663865546219e-06
{method 'size' of 'torch._C.TensorBase' objects},6508,6508,0.0021127000000000003,3.2463122311001847e-07,0.0021222000000000003,3.260909649661955e-07
{method 'all' of 'torch._C.TensorBase' objects},3496,3496,0.0174825,5.000715102974829e-06,0.0174825,5.000715102974829e-06
{method 'exp' of 'torch._C.TensorBase' objects},952,952,0.0060090000000000005,6.311974789915967e-06,0.0060090000000000005,6.311974789915967e-06
{method 'flatten' of 'torch._C.TensorBase' objects},1714,1714,0.0063883,3.7271295215869313e-06,0.0063883,3.7271295215869313e-06
{method 'log' of 'torch._C.TensorBase' objects},952,952,0.005647,5.931722689075631e-06,0.005647,5.931722689075631e-06
{method 'pow' of 'torch._C.TensorBase' objects},2696,2696,0.0161875,6.004265578635015e-06,0.0161875,6.004265578635015e-06
{method 'reciprocal' of 'torch._C.TensorBase' objects},952,952,0.0053542,5.624159663865546e-06,0.0053542,5.624159663865546e-06
{method 'reshape' of 'torch._C.TensorBase' objects},4510,4510,0.020087200000000003,4.453924611973393e-06,0.0200974,4.4561862527716185e-06
{method 't' of 'torch._C.TensorBase' objects},1748,1748,0.0056521,3.233466819221968e-06,0.0056521,3.233466819221968e-06
{method 'unbind' of 'torch._C.TensorBase' objects},128,128,0.0016955000000000002,1.3246093750000001e-05,0.0016955000000000002,1.3246093750000001e-05
{built-in method torch.tensor},3375,3375,0.0248365,7.358962962962963e-06,0.0248365,7.358962962962963e-06
{built-in method torch.dot},286,286,0.0022598,7.901398601398602e-06,0.0022598,7.901398601398602e-06
{built-in method torch.eye},161,161,0.0015970000000000001,9.919254658385094e-06,0.0015970000000000001,9.919254658385094e-06
{built-in method torch.ones},952,952,0.0048076,5.050000000000001e-06,0.0048076,5.050000000000001e-06
{built-in method torch.zeros},2659,2659,0.013745400000000001,5.16938698758932e-06,0.013745400000000001,5.16938698758932e-06
{built-in method torch.mm},4354,4354,0.0335224,7.699219108865412e-06,0.0335224,7.699219108865412e-06
{built-in method torch.stack},248,248,0.0035706,1.439758064516129e-05,0.0035706,1.439758064516129e-05
{built-in method torch.sqrt},796,796,0.0065332,8.207537688442211e-06,0.0065332,8.207537688442211e-06
{built-in method torch.pow},62,62,0.0006258,1.0093548387096775e-05,0.0006258,1.0093548387096775e-05
{built-in method torch.all},62,62,0.0007137000000000001,1.1511290322580647e-05,0.0007137000000000001,1.1511290322580647e-05
{built-in method torch.broadcast_tensors},796,796,0.0025277000000000003,3.1755025125628146e-06,0.0025277000000000003,3.1755025125628146e-06
{built-in method torch.erf},952,952,0.005397300000000001,5.669432773109244e-06,0.005397300000000001,5.669432773109244e-06
{built-in method torch.hstack},2798,2798,0.0254791,9.106182987848463e-06,0.0254791,9.106182987848463e-06
{built-in method torch.vstack},1398,1398,0.009395800000000001,6.720886981402004e-06,0.009395800000000001,6.720886981402004e-06
{built-in method torch.sum},80,80,0.0009720000000000001,1.215e-05,0.0009720000000000001,1.215e-05
{built-in method torch.where},1084,1084,0.0109347,1.0087361623616236e-05,0.0109347,1.0087361623616236e-05
{built-in method torch.clone},10027,10027,0.047218600000000006,4.709145307669294e-06,0.047229600000000004,4.7102423456667005e-06
{built-in method torch.diag},762,762,0.0072839,9.558923884514437e-06,0.0072839,9.558923884514437e-06
{built-in method torch._C._get_tracing_state},8319,8319,0.0089393,1.0745642505108788e-06,0.0089393,1.0745642505108788e-06
c:\Users\birik\anaconda3\Lib\site-packages\torch\distributions\utils.py:23(broadcast_all),796,796,0.0027839,3.4973618090452265e-06,0.0167447,2.103605527638191e-05
c:\Users\birik\anaconda3\Lib\site-packages\torch\distributions\distribution.py:40(__init__),796,796,0.0095177,1.1956909547738694e-05,0.0295673,3.7144849246231154e-05
c:\Users\birik\anaconda3\Lib\site-packages\torch\functional.py:48(broadcast_tensors),796,796,0.005355400000000001,6.7278894472361815e-06,0.009119500000000001,1.1456658291457288e-05
c:\Users\birik\github\SOGA\src\libSOGAmerge.py:28(<listcomp>),80,80,0.0016122,2.01525e-05,0.0016122,2.01525e-05
c:\Users\birik\anaconda3\Lib\site-packages\torch\_VF.py:26(__getattr__),796,796,0.0006178000000000001,7.761306532663317e-07,0.0010032,1.2603015075376886e-06
c:\Users\birik\anaconda3\Lib\site-packages\torch\distributions\utils.py:39(<genexpr>),2388,2388,0.0016106,6.744556113902848e-07,0.0024275,1.0165410385259631e-06
c:\Users\birik\anaconda3\Lib\site-packages\torch\distributions\normal.py:51(__init__),796,796,0.0038926000000000004,4.890201005025126e-06,0.0526145,6.609861809045226e-05
c:\Users\birik\anaconda3\Lib\site-packages\torch\distributions\constraints.py:148(is_dependent),1592,1592,0.0006540000000000001,4.1080402010050255e-07,0.00106,6.658291457286431e-07
c:\Users\birik\anaconda3\Lib\site-packages\torch\distributions\utils.py:44(<genexpr>),2388,2388,0.0006495,2.719849246231156e-07,0.0009958,4.1700167504187607e-07
c:\Users\birik\anaconda3\Lib\site-packages\torch\distributions\constraints.py:332(check),2700,2700,0.0113954,4.220518518518518e-06,0.0113954,4.220518518518518e-06
c:\Users\birik\anaconda3\Lib\site-packages\torch\distributions\constraints.py:345(check),796,796,0.0054722,6.874623115577889e-06,0.0054722,6.874623115577889e-06
c:\Users\birik\anaconda3\Lib\site-packages\torch\distributions\normal.py:92(cdf),952,952,0.0378551,3.9763760504201686e-05,0.0655338,6.883802521008404e-05
{built-in method jaxlib.xla_extension.collect_garbage},72,72,0.00027990000000000003,3.8875000000000005e-06,0.00027990000000000003,3.8875000000000005e-06
c:\Users\birik\github\SOGA\src\ASGMTParser.py:367(term),137,137,0.0010190000000000002,7.437956204379563e-06,0.0296461,0.0002163948905109489
c:\Users\birik\anaconda3\Lib\site-packages\jax\_src\lib\__init__.py:101(_xla_gc_callback),72,72,0.00017040000000000002,2.366666666666667e-06,0.00045030000000000005,6.254166666666668e-06
c:\Users\birik\github\SOGA\src\TRUNCParser.py:275(inop),88,88,0.0005829,6.623863636363636e-06,0.0065864,7.484545454545454e-05
c:\Users\birik\github\SOGA\src\TRUNCParser.py:157(trunc),88,88,0.0008638000000000001,9.815909090909092e-06,0.0456576,0.0005188363636363636
c:\Users\birik\github\SOGA\src\TRUNCParser.py:599(const),88,88,0.000539,6.125e-06,0.0091678,0.00010417954545454546
c:\Users\birik\github\SOGA\src\ASGMTParser.py:554(idd),12,12,9.67e-05,8.058333333333334e-06,0.0021188,0.00017656666666666668
c:\Users\birik\github\SOGA\src\ASGMTParser.py:335(is_var),168,168,0.00027330000000000003,1.6267857142857145e-06,0.0014632,8.709523809523809e-06
c:\Users\birik\github\SOGA\src\libSOGAupdate.py:46(add_func),286,286,0.0382927,0.00013389055944055945,0.0841547,0.0002942472027972028
c:\Users\birik\github\SOGA\src\TRUNCParser.py:226(ineq),88,88,0.0006923000000000001,7.867045454545455e-06,0.029355600000000003,0.00033358636363636367
c:\Users\birik\github\SOGA\src\TRUNCParser.py:1089(par),44,44,0.0002835,6.4431818181818185e-06,0.0058089000000000005,0.00013202045454545455
c:\Users\birik\github\SOGA\src\TRUNCParser.py:457(lexpr),88,88,0.0005461,6.205681818181818e-06,0.011905500000000001,0.00013528977272727274
c:\Users\birik\github\SOGA\src\libSOGAupdate.py:114(enterAdd_term),116,116,0.0048957,4.2204310344827586e-05,0.021320600000000002,0.000183798275862069
c:\Users\birik\github\SOGA\src\ASGMTParser.py:476(symvars),106,106,0.0006738,6.356603773584905e-06,0.0114213,0.00010774811320754718
c:\Users\birik\github\SOGA\src\TRUNCParser.py:676(var),88,88,0.0006261,7.114772727272727e-06,0.0052903,6.0117045454545456e-05
c:\Users\birik\github\SOGA\src\ASGMTParser.py:617(gm),62,62,0.0006009,9.691935483870968e-06,0.0203985,0.00032900806451612903
c:\Users\birik\github\SOGA\src\ASGMTParser.py:139(assignment),62,62,0.0006263,1.0101612903225807e-05,0.09422040000000001,0.0015196838709677421
c:\Users\birik\github\SOGA\src\libSOGAmerge.py:16(merge),45,45,0.012304500000000001,0.0002734333333333334,0.0175715,0.0003904777777777778
c:\Users\birik\github\SOGA\src\libSOGAupdate.py:172(update_rule),116,116,0.0030172000000000003,2.601034482758621e-05,0.2340548,0.0020177137931034483
c:\Users\birik\github\SOGA\src\ASGMTParser.py:693(list_),186,186,0.0014579,7.838172043010753e-06,0.015358900000000002,8.25747311827957e-05
c:\Users\birik\github\SOGA\src\ASGMTParser.py:194(add),62,62,0.0006646,1.0719354838709678e-05,0.0757742,0.0012221645161290323
c:\Users\birik\github\SOGA\src\ASGMTParser.py:355(getValue),31,31,9.7e-05,3.1290322580645163e-06,0.00040740000000000004,1.3141935483870969e-05
c:\Users\birik\github\SOGA\src\ASGMTParser.py:265(add_term),116,116,0.0007080000000000001,6.103448275862069e-06,0.0689484,0.0005943827586206897
c:\Users\birik\github\SOGA\src\TRUNCParser.py:534(monom),88,88,0.0005253,5.9693181818181825e-06,0.0088388,0.0001004409090909091
c:\Users\birik\github\SOGA\src\libSOGAupdate.py:102(enterAdd),62,62,0.00031830000000000004,5.133870967741936e-06,0.0029309,4.727258064516129e-05
c:\Users\birik\github\SOGA\src\ASGMTParser.py:465(getVar),106,106,0.0002686,2.5339622641509435e-06,0.0021878,2.0639622641509437e-05
c:\Users\birik\github\SOGA\src\ASGMTParser.py:682(unpack),186,186,0.0024119000000000002,1.296720430107527e-05,0.006424,3.4537634408602154e-05
c:\Users\birik\github\SOGA\src\libSOGAupdate.py:160(asgmt_parse),62,62,0.0007563,1.2198387096774193e-05,0.1369697,0.002209188709677419
c:\Users\birik\github\SOGA\src\libSOGAupdate.py:98(enterAssignment),62,62,0.0001667,2.688709677419355e-06,0.0020519,3.3095161290322584e-05
c:\Users\birik\github\SOGA\src\libSOGAupdate.py:153(exitAdd),62,62,0.0015017000000000001,2.4220967741935485e-05,0.0022154,3.573225806451613e-05
c:\Users\birik\github\SOGA\src\libSOGAupdate.py:85(__init__),62,62,0.00012680000000000002,2.045161290322581e-06,0.00012680000000000002,2.045161290322581e-06
c:\Users\birik\github\SOGA\src\TRUNCParser.py:140(enterRule),88,88,0.0001129,1.2829545454545456e-06,0.00017680000000000001,2.0090909090909094e-06
c:\Users\birik\github\SOGA\src\TRUNCParser.py:144(exitRule),88,88,6.400000000000001e-05,7.272727272727274e-07,8.840000000000001e-05,1.0045454545454547e-06
c:\Users\birik\github\SOGA\src\TRUNCParser.py:209(enterRule),88,88,0.00010470000000000001,1.1897727272727273e-06,0.0047285,5.373295454545455e-05
c:\Users\birik\github\SOGA\src\TRUNCParser.py:213(exitRule),88,88,8.130000000000001e-05,9.238636363636365e-07,0.0001121,1.2738636363636363e-06
c:\Users\birik\github\SOGA\src\TRUNCParser.py:258(enterRule),88,88,6.110000000000001e-05,6.943181818181819e-07,9.11e-05,1.0352272727272727e-06
c:\Users\birik\github\SOGA\src\TRUNCParser.py:262(exitRule),88,88,5.7900000000000005e-05,6.579545454545455e-07,8.61e-05,9.78409090909091e-07
c:\Users\birik\github\SOGA\src\TRUNCParser.py:125(__init__),88,88,0.0001517,1.7238636363636365e-06,0.0005318,6.043181818181818e-06
c:\Users\birik\github\SOGA\src\TRUNCParser.py:190(__init__),88,88,8.32e-05,9.454545454545455e-07,0.0002708,3.0772727272727277e-06
c:\Users\birik\github\SOGA\src\libSOGAupdate.py:184(<listcomp>),286,286,0.0022771000000000002,7.961888111888112e-06,0.0022771000000000002,7.961888111888112e-06
c:\Users\birik\github\SOGA\src\TRUNCParser.py:250(__init__),88,88,9.21e-05,1.046590909090909e-06,0.00027110000000000003,3.0806818181818185e-06
c:\Users\birik\github\SOGA\src\TRUNCParser.py:412(__init__),88,88,7.98e-05,9.068181818181819e-07,0.0002526,2.8704545454545455e-06
c:\Users\birik\github\SOGA\src\TRUNCParser.py:502(__init__),88,88,8.89e-05,1.0102272727272728e-06,0.00022930000000000002,2.6056818181818184e-06
c:\Users\birik\github\SOGA\src\TRUNCParser.py:564(__init__),88,88,8.800000000000001e-05,1.0000000000000002e-06,0.00024080000000000003,2.7363636363636367e-06
c:\Users\birik\github\SOGA\src\TRUNCParser.py:637(__init__),88,88,8.730000000000001e-05,9.920454545454546e-07,0.0002471,2.8079545454545452e-06
c:\Users\birik\github\SOGA\src\ASGMTParser.py:107(__init__),62,62,0.00010140000000000001,1.6354838709677421e-06,0.0003926,6.332258064516129e-06
c:\Users\birik\github\SOGA\src\TRUNCParser.py:1057(__init__),44,44,4.5400000000000006e-05,1.031818181818182e-06,0.00011930000000000001,2.7113636363636365e-06
c:\Users\birik\github\SOGA\src\ASGMTParser.py:163(__init__),62,62,4.88e-05,7.870967741935484e-07,0.0001586,2.5580645161290325e-06
c:\Users\birik\github\SOGA\src\ASGMTParser.py:234(__init__),116,116,9.42e-05,8.120689655172414e-07,0.0002629,2.2663793103448277e-06
c:\Users\birik\github\SOGA\src\ASGMTParser.py:295(__init__),137,137,0.00011850000000000001,8.649635036496351e-07,0.0003617,2.64014598540146e-06
c:\Users\birik\github\SOGA\src\ASGMTParser.py:437(__init__),106,106,0.0001015,9.575471698113208e-07,0.0002834,2.6735849056603773e-06
c:\Users\birik\github\SOGA\src\ASGMTParser.py:509(__init__),12,12,1.25e-05,1.0416666666666667e-06,3.5300000000000004e-05,2.941666666666667e-06
c:\Users\birik\github\SOGA\src\ASGMTParser.py:586(__init__),62,62,5.44e-05,8.774193548387096e-07,0.00016240000000000002,2.619354838709678e-06
c:\Users\birik\github\SOGA\src\TRUNCParser.py:506(var),176,176,9.080000000000001e-05,5.15909090909091e-07,0.0006211000000000001,3.5289772727272732e-06
c:\Users\birik\github\SOGA\src\TRUNCParser.py:198(inop),88,88,7.170000000000001e-05,8.147727272727273e-07,0.00037200000000000004,4.227272727272728e-06
c:\Users\birik\github\SOGA\src\TRUNCParser.py:510(const),88,88,4.6500000000000005e-05,5.28409090909091e-07,0.0001812,2.0590909090909094e-06
c:\Users\birik\github\SOGA\src\TRUNCParser.py:202(const),264,264,0.00011990000000000001,4.5416666666666673e-07,0.0008564,3.243939393939394e-06
c:\Users\birik\github\SOGA\src\TRUNCParser.py:568(NUM),132,132,8.410000000000001e-05,6.371212121212122e-07,0.0002997,2.2704545454545457e-06
c:\Users\birik\github\SOGA\src\TRUNCParser.py:571(par),88,88,3.74e-05,4.25e-07,0.000171,1.9431818181818184e-06
c:\Users\birik\github\SOGA\src\TRUNCParser.py:575(idd),44,44,2.9100000000000003e-05,6.613636363636364e-07,9.45e-05,2.1477272727272727e-06
c:\Users\birik\github\SOGA\src\TRUNCParser.py:644(idd),88,88,4.1e-05,4.659090909090909e-07,0.0001722,1.956818181818182e-06
c:\Users\birik\github\SOGA\src\TRUNCParser.py:648(gm),88,88,5.83e-05,6.625e-07,0.0002145,2.4375e-06
c:\Users\birik\github\SOGA\src\ASGMTParser.py:111(symvars),62,62,4.47e-05,7.209677419354839e-07,0.0002674,4.312903225806452e-06
c:\Users\birik\github\SOGA\src\ASGMTParser.py:352(is_const),168,168,0.0001371,8.160714285714286e-07,0.0016003,9.525595238095238e-06
c:\Users\birik\github\SOGA\src\libSOGAmerge.py:38(<listcomp>),44,44,3.8100000000000005e-05,8.65909090909091e-07,3.8100000000000005e-05,8.65909090909091e-07
c:\Users\birik\github\SOGA\src\TRUNCListener.py:25(exitIneq),88,88,9.9e-06,1.125e-07,9.9e-06,1.125e-07
c:\Users\birik\github\SOGA\src\TRUNCListener.py:12(enterTrunc),88,88,1.8e-05,2.0454545454545456e-07,1.8e-05,2.0454545454545456e-07
c:\Users\birik\github\SOGA\src\TRUNCListener.py:16(exitTrunc),88,88,9.7e-06,1.1022727272727272e-07,9.7e-06,1.1022727272727272e-07
c:\Users\birik\github\SOGA\src\TRUNCListener.py:30(enterInop),88,88,1.0700000000000001e-05,1.215909090909091e-07,1.0700000000000001e-05,1.215909090909091e-07
c:\Users\birik\github\SOGA\src\TRUNCListener.py:34(exitInop),88,88,1.09e-05,1.2386363636363636e-07,1.09e-05,1.2386363636363636e-07
c:\Users\birik\github\SOGA\src\TRUNCListener.py:70(exitMonom),88,88,1.08e-05,1.2272727272727272e-07,1.08e-05,1.2272727272727272e-07
c:\Users\birik\github\SOGA\src\TRUNCListener.py:75(enterConst),88,88,9.9e-06,1.125e-07,9.9e-06,1.125e-07
c:\Users\birik\github\SOGA\src\TRUNCListener.py:79(exitConst),88,88,9.600000000000001e-06,1.090909090909091e-07,9.600000000000001e-06,1.090909090909091e-07
c:\Users\birik\github\SOGA\src\TRUNCListener.py:84(enterVar),88,88,1.25e-05,1.4204545454545455e-07,1.25e-05,1.4204545454545455e-07
c:\Users\birik\github\SOGA\src\TRUNCListener.py:88(exitVar),88,88,1.18e-05,1.340909090909091e-07,1.18e-05,1.340909090909091e-07
c:\Users\birik\github\SOGA\src\TRUNCListener.py:138(enterPar),44,44,5e-06,1.1363636363636364e-07,5e-06,1.1363636363636364e-07
c:\Users\birik\github\SOGA\src\TRUNCListener.py:142(exitPar),44,44,5.600000000000001e-06,1.272727272727273e-07,5.600000000000001e-06,1.272727272727273e-07
c:\Users\birik\github\SOGA\src\ASGMTListener.py:16(exitAssignment),62,62,7.8e-06,1.2580645161290322e-07,7.8e-06,1.2580645161290322e-07
c:\Users\birik\github\SOGA\src\ASGMTListener.py:34(exitAdd_term),116,116,1.4900000000000001e-05,1.2844827586206898e-07,1.4900000000000001e-05,1.2844827586206898e-07
c:\Users\birik\github\SOGA\src\ASGMTListener.py:39(enterTerm),137,137,1.77e-05,1.2919708029197082e-07,1.77e-05,1.2919708029197082e-07
c:\Users\birik\github\SOGA\src\ASGMTListener.py:43(exitTerm),137,137,1.7e-05,1.240875912408759e-07,1.7e-05,1.240875912408759e-07
c:\Users\birik\github\SOGA\src\ASGMTListener.py:48(enterSymvars),106,106,1.66e-05,1.5660377358490567e-07,1.66e-05,1.5660377358490567e-07
c:\Users\birik\github\SOGA\src\ASGMTListener.py:52(exitSymvars),106,106,1.39e-05,1.311320754716981e-07,1.39e-05,1.311320754716981e-07
c:\Users\birik\github\SOGA\src\ASGMTListener.py:57(enterIdd),12,12,1.6000000000000001e-06,1.3333333333333334e-07,1.6000000000000001e-06,1.3333333333333334e-07
c:\Users\birik\github\SOGA\src\ASGMTListener.py:61(exitIdd),12,12,1.8000000000000001e-06,1.5000000000000002e-07,1.8000000000000001e-06,1.5000000000000002e-07
c:\Users\birik\github\SOGA\src\ASGMTListener.py:66(enterGm),62,62,7.9e-06,1.2741935483870968e-07,7.9e-06,1.2741935483870968e-07
c:\Users\birik\github\SOGA\src\ASGMTListener.py:70(exitGm),62,62,7.7e-06,1.241935483870968e-07,7.7e-06,1.241935483870968e-07
c:\Users\birik\github\SOGA\src\ASGMTListener.py:75(enterList),186,186,2.26e-05,1.2150537634408603e-07,2.26e-05,1.2150537634408603e-07
c:\Users\birik\github\SOGA\src\ASGMTListener.py:79(exitList),186,186,2.1700000000000002e-05,1.1666666666666668e-07,2.1700000000000002e-05,1.1666666666666668e-07
c:\Users\birik\github\SOGA\src\TRUNCLexer.py:103(__init__),88,88,0.0007249,8.2375e-06,0.0034211000000000003,3.8876136363636364e-05
c:\Users\birik\github\SOGA\src\ASGMTLexer.py:89(__init__),62,62,0.0005281,8.51774193548387e-06,0.0024284000000000003,3.9167741935483875e-05
c:\Users\birik\github\SOGA\src\TRUNCParser.py:440(enterRule),88,88,0.00010680000000000001,1.2136363636363638e-06,0.0006731,7.648863636363637e-06
c:\Users\birik\github\SOGA\src\TRUNCParser.py:444(exitRule),88,88,7.77e-05,8.829545454545455e-07,0.00020930000000000002,2.378409090909091e-06
c:\Users\birik\github\SOGA\src\TRUNCParser.py:517(enterRule),88,88,0.0001296,1.4727272727272728e-06,0.0038914,4.4220454545454546e-05
c:\Users\birik\github\SOGA\src\TRUNCParser.py:521(exitRule),88,88,7.500000000000001e-05,8.522727272727274e-07,0.0001179,1.3397727272727274e-06
c:\Users\birik\github\SOGA\src\TRUNCParser.py:582(enterRule),88,88,6.620000000000001e-05,7.522727272727274e-07,9.84e-05,1.1181818181818182e-06
c:\Users\birik\github\SOGA\src\TRUNCParser.py:586(exitRule),88,88,6.330000000000001e-05,7.193181818181819e-07,8.94e-05,1.015909090909091e-06
c:\Users\birik\github\SOGA\src\ASGMTParser.py:122(enterRule),62,62,7.87e-05,1.2693548387096774e-06,0.0021649,3.491774193548387e-05
c:\Users\birik\github\SOGA\src\TRUNCParser.py:655(enterRule),88,88,7.81e-05,8.875e-07,0.0001341,1.5238636363636365e-06
c:\Users\birik\github\SOGA\src\TRUNCParser.py:659(exitRule),88,88,6e-05,6.818181818181818e-07,9.640000000000001e-05,1.0954545454545455e-06
c:\Users\birik\github\SOGA\src\ASGMTParser.py:126(exitRule),62,62,5.41e-05,8.725806451612903e-07,7.61e-05,1.2274193548387098e-06
c:\Users\birik\github\SOGA\src\ASGMTParser.py:177(enterRule),62,62,8.43e-05,1.3596774193548388e-06,0.0030283000000000003,4.884354838709678e-05
c:\Users\birik\github\SOGA\src\ASGMTParser.py:181(exitRule),62,62,7.93e-05,1.2790322580645162e-06,0.002308,3.7225806451612904e-05
c:\Users\birik\github\SOGA\src\TRUNCParser.py:1067(enterRule),44,44,4.16e-05,9.454545454545455e-07,5.67e-05,1.2886363636363637e-06
c:\Users\birik\github\SOGA\src\TRUNCParser.py:1071(exitRule),44,44,2.8800000000000002e-05,6.545454545454546e-07,4.4200000000000004e-05,1.0045454545454547e-06
c:\Users\birik\github\SOGA\src\TRUNCParser.py:1081(getValue),44,44,7.91e-05,1.7977272727272726e-06,0.0005572,1.2663636363636364e-05
c:\Users\birik\github\SOGA\src\ASGMTParser.py:248(enterRule),116,116,0.0002045,1.7629310344827586e-06,0.021556000000000002,0.00018582758620689656
c:\Users\birik\github\SOGA\src\ASGMTParser.py:252(exitRule),116,116,8.290000000000001e-05,7.146551724137932e-07,0.0001309,1.128448275862069e-06
c:\Users\birik\github\SOGA\src\ASGMTParser.py:321(enterRule),137,137,0.00010580000000000001,7.722627737226278e-07,0.0001654,1.2072992700729928e-06
c:\Users\birik\github\SOGA\src\ASGMTParser.py:325(exitRule),137,137,8.560000000000001e-05,6.248175182481752e-07,0.0001261,9.204379562043796e-07
c:\Users\birik\github\SOGA\src\ASGMTParser.py:451(enterRule),106,106,8.72e-05,8.226415094339623e-07,0.0001373,1.2952830188679245e-06
c:\Users\birik\github\SOGA\src\ASGMTParser.py:455(exitRule),106,106,7.41e-05,6.990566037735848e-07,0.0001123,1.059433962264151e-06
c:\Users\birik\github\SOGA\src\ASGMTParser.py:525(enterRule),12,12,1.04e-05,8.666666666666667e-07,1.5700000000000002e-05,1.3083333333333334e-06
c:\Users\birik\github\SOGA\src\ASGMTParser.py:529(exitRule),12,12,9.600000000000001e-06,8.000000000000001e-07,1.4400000000000001e-05,1.2000000000000002e-06
c:\Users\birik\github\SOGA\src\ASGMTParser.py:600(enterRule),62,62,5.5100000000000004e-05,8.887096774193549e-07,7.350000000000001e-05,1.1854838709677422e-06
c:\Users\birik\github\SOGA\src\ASGMTParser.py:604(exitRule),62,62,4.85e-05,7.822580645161291e-07,8.22e-05,1.3258064516129034e-06
c:\Users\birik\github\SOGA\src\ASGMTParser.py:668(enterRule),186,186,0.0001179,6.338709677419355e-07,0.000181,9.731182795698924e-07
c:\Users\birik\github\SOGA\src\ASGMTParser.py:672(exitRule),186,186,0.00010800000000000001,5.806451612903227e-07,0.0001666,8.956989247311828e-07
c:\Users\birik\github\SOGA\src\ASGMTParser.py:167(add_term),80,80,6.0200000000000006e-05,7.525000000000001e-07,0.0002932,3.6650000000000005e-06
c:\Users\birik\github\SOGA\src\ASGMTParser.py:238(term),134,134,0.0001028,7.671641791044776e-07,0.0015672000000000001,1.1695522388059702e-05
c:\Users\birik\github\SOGA\src\ASGMTParser.py:513(IDV),34,34,1.94e-05,5.705882352941177e-07,0.00010910000000000001,3.208823529411765e-06
c:\Users\birik\github\SOGA\src\ASGMTParser.py:590(list_),186,186,0.0001033,5.553763440860216e-07,0.0010798000000000001,5.805376344086022e-06
c:\Users\birik\github\SOGA\src\ASGMTParser.py:299(NUM),230,230,0.00012460000000000002,5.417391304347826e-07,0.0005105,2.2195652173913045e-06
c:\Users\birik\github\SOGA\src\ASGMTParser.py:302(par),106,106,6.26e-05,5.905660377358491e-07,0.00022480000000000002,2.1207547169811324e-06
c:\Users\birik\github\SOGA\src\ASGMTParser.py:306(sub),137,137,9.48e-05,6.91970802919708e-07,0.000346,2.5255474452554743e-06
c:\Users\birik\github\SOGA\src\ASGMTParser.py:310(symvars),300,300,0.0001316,4.386666666666667e-07,0.0006045,2.015e-06
c:\Users\birik\github\SOGA\src\ASGMTParser.py:314(gm),310,310,0.0001365,4.4032258064516134e-07,0.0007354000000000001,2.3722580645161294e-06
c:\Users\birik\github\SOGA\src\ASGMTParser.py:441(IDV),44,44,2.6200000000000003e-05,5.954545454545455e-07,0.0001038,2.359090909090909e-06
c:\Users\birik\github\SOGA\src\ASGMTParser.py:444(idd),140,140,6.98e-05,4.985714285714286e-07,0.00031590000000000003,2.2564285714285717e-06
c:\Users\birik\github\SOGA\src\ASGMTParser.py:649(__init__),186,186,0.0001387,7.456989247311829e-07,0.00038960000000000004,2.094623655913979e-06
C:\Users\birik\AppData\Local\Temp\ipykernel_16496\3619497701.py:1(<module>),1,1,0.00043170000000000003,0.00043170000000000003,1.1521232000000001,1.1521232000000001
{built-in method torch._C._linalg.linalg_inv},476,476,0.038119,8.008193277310925e-05,0.038119,8.008193277310925e-05
{built-in method torch._C._linalg.linalg_norm},476,476,0.0045017,9.45735294117647e-06,0.0045017,9.45735294117647e-06
{built-in method torch._C._linalg.linalg_svd},476,476,0.0208593,4.3822058823529416e-05,0.0208826,4.387100840336135e-05
{built-in method _abc._abc_instancecheck},1748,1748,0.0018407,1.0530320366132723e-06,0.0018407,1.0530320366132723e-06
{method 'disable' of '_lsprof.Profiler' objects},1,1,5.000000000000001e-07,5.000000000000001e-07,5.000000000000001e-07,5.000000000000001e-07
{built-in method math.log},952,952,0.0009864000000000001,1.0361344537815127e-06,0.0009864000000000001,1.0361344537815127e-06
{built-in method math.sqrt},1904,1904,0.000858,4.5063025210084035e-07,0.000858,4.5063025210084035e-07
{method 'getvalue' of '_io.StringIO' objects},502,502,0.00022050000000000002,4.3924302788844627e-07,0.00022050000000000002,4.3924302788844627e-07
{method 'write' of '_io.StringIO' objects},921,921,0.0001786,1.9391965255157437e-07,0.0001786,1.9391965255157437e-07
{method '__exit__' of '_io._IOBase' objects},502,502,0.0002052,4.087649402390438e-07,0.0002052,4.087649402390438e-07
{method 'items' of 'dict' objects},796,796,0.00019260000000000002,2.419597989949749e-07,0.00019260000000000002,2.419597989949749e-07
{method 'append' of 'list' objects},9435,9435,0.00119,1.2612612612612613e-07,0.00119,1.2612612612612613e-07
{method 'pop' of 'list' objects},227,227,0.0001575,6.938325991189427e-07,0.0001575,6.938325991189427e-07
{method 'index' of 'list' objects},194,194,0.0001867,9.623711340206187e-07,0.0001867,9.623711340206187e-07
{method 'replace' of 'str' objects},44,44,6.14e-05,1.3954545454545454e-06,6.14e-05,1.3954545454545454e-06
{method 'split' of 'str' objects},186,186,8.840000000000001e-05,4.752688172043011e-07,8.840000000000001e-05,4.752688172043011e-07
{method 'find' of 'str' objects},1500,1500,0.0004997000000000001,3.331333333333334e-07,0.0004997000000000001,3.331333333333334e-07
{built-in method builtins.all},1592,1592,0.0013896000000000002,8.728643216080403e-07,0.0048129,3.023178391959799e-06
{built-in method builtins.any},1729,1729,0.0008313000000000001,4.807981492192019e-07,0.0019643,1.1360902255639097e-06
{built-in method builtins.compile},2,2,5.6200000000000004e-05,2.8100000000000002e-05,5.6200000000000004e-05,2.8100000000000002e-05
{built-in method builtins.exec},2,2,4.3e-06,2.15e-06,1.1521323,0.57606615
{built-in method builtins.getattr},2392,2392,0.0005909,2.470317725752508e-07,0.0005909,2.470317725752508e-07
{built-in method builtins.hasattr},2806,2806,0.0007624000000000001,2.717034925160371e-07,0.0007624000000000001,2.717034925160371e-07
{built-in method builtins.isinstance},22486,22486,0.0036102,1.6055323312283197e-07,0.0061821,2.749310682202259e-07
{built-in method builtins.iter},128,128,4.3e-05,3.359375e-07,4.3e-05,3.359375e-07
{built-in method builtins.len},37875,38025,0.012905900000000001,3.39405654174885e-07,0.037377900000000006,9.868752475247527e-07
{built-in method builtins.next},4,4,3.4e-06,8.5e-07,7.7e-06,1.925e-06
{built-in method builtins.ord},6840,6840,0.0006091,8.904970760233919e-08,0.0006091,8.904970760233919e-08
{built-in method builtins.sorted},4,4,2.72e-05,6.8e-06,5.7600000000000004e-05,1.4400000000000001e-05
<frozen abc>:117(__instancecheck__),1748,1748,0.0007312,4.1830663615560643e-07,0.0025719000000000002,1.4713386727688788e-06
